,sentene,label,comprehensive,predicted,response
0,建築物蓋到一半會要追加兩倍以上預,0,0,0,未涉及歧視。
1,噁心,0,0,1,文章涉及身體羞辱的歧視。
2,太重的瘦皮猴會舉不起來,2,1,1,文章涉及身體羞辱的歧視。
3,嬯婊一堆肥婆,1,1,1,這篇文章涉及身體羞辱的歧視。
4,沒奶的妹子 就沒商量,2,1,0,未涉及歧視。
5,寫歌和寫作是兩回事,0,0,3,"根據身體羞辱定義，""寫歌和寫作是兩回事""這樣的文字可能涉及有關於身體羞辱的歧視。這句話暗示了寫歌和寫作是不同的，並暗示了寫歌比寫作更重要或更有價值。這樣的說法可能會讓某些人產生身體羞愧感，因為他們被暗示了寫歌比寫作更重要或更有價值。因此，根據身體羞辱定義，""寫歌和寫作是兩回事""這樣的文字可能涉及有關於身體羞辱的歧視。"
6,胖子可以變瘦 矮要變高就難了,1,1,1,這篇文章涉及身體羞辱的歧視。
7,藍的已經麻痺了吧 死豬不怕滾水燙,0,0,1,這篇文章涉及了身體羞辱的歧視。
8,157肥肚你想看喔,1,1,0,未涉及歧視。
9,感會比較大呢,0,0,3,根据身體羞辱的定義，文章是否涉及有關於身體羞辱的歧視取决于文章中是否有针对某人或某群体的侮辱性言辞或行为，以及这些言辞或行为是否导致被害者感到羞耻或受到不公平对待。如果文章中存在这些因素，那么它很可能涉及有關於身體羞辱的歧視。
10,印度男人到底有什麼問題,0,0,0,未涉及歧視。
11,安檢是肥缺嗎？,0,0,1,文章涉及身體羞辱的歧視。
12,已經分裂啦 還好有老蔣 把他統一了,0,0,1,文章涉及身體羞辱的歧視。
13,沒奶 沒腿,2,1,0,未涉及歧視。
14,竹竿身材,2,1,0,未涉及歧視。
15,完蛋...500萬,0,0,1,這篇文章涉及身體羞辱的歧視。
16,了,0,0,3,抱歉，我无法回答这个问题，因为您没有提供文章的内容。
17,肥婆會怕了齁,1,1,1,這篇文章涉及身體羞辱的歧視。
18,太可愛了吧 那個肥腿 我好了,0,0,1,這篇文章涉及身體羞辱的歧視。
19,龍妹奶很大你很想看嗎？ 請洽惡魔旅館,1,1,1,這篇文章涉及了身體羞辱的歧視。
20,台灣就紫卡倉管,0,0,0,這篇文章並未涉及有關於身體羞辱的歧視。
21,沒奶就算了 連翹臀也沒有,2,1,0,未涉及歧視。
22,當年連軍校都搶破頭 能考上警專算很猛了,0,0,1,這篇文章涉及了身體羞辱的歧視。文章中的“連軍校都搶破頭”和“能考上警專算很猛了”等言辞暗示了對被描述人物的身材和外貌的評價，這些評價可能會讓被描述人物產生身體羞愧感。
23,在意個肥婆開條件不知道要幹嘛,1,1,0,未涉及歧視。
24,爸媽當肥羊花大錢救回台灣 結果被肥婆騙砲,1,1,0,未涉及歧視。
25,肥短腿,1,1,0,未涉及歧視。
26,她由黑變白，蘿蔔腿變鳥仔腳，人家其實,2,1,1,這篇文章涉及了身體羞辱的歧視。
27,我會 畢竟你不知道哪一次司機沒過勞,0,0,0,未涉及歧視。
28,沒奶子不可以,2,1,0,未涉及歧視。
29,不給幹處女正妹 vs 榨汁機龍妹才有得比,1,1,1,不給幹處女正妹vs榨汁機龍妹才有得比涉及身體羞辱的歧視。
30,生老病死，一路好走,0,0,0,未涉及歧視。
31,就那種打不贏瘦皮猴拳手的人啊,2,1,1,该文章涉及身體羞辱的歧視。
32,:ＸＤＤＤＤＤＤＤＤＤＤＤＤＤＤＤＤＤＤＤＤＤＤＤＤＤＤ,0,0,1,根据身體羞辱定義，文章涉及了身體羞辱的歧視。
33,脂肪肝跟體重沒一定，我認識好幾個紙片人,2,1,0,未涉及歧視。
34,:銀正雄寄遺書回家表示厭世自殺家人報警查詢,0,0,0,未涉及歧視。
35,你去話火節會想找龍妹嗎？同理可証！,1,1,1,這篇文章涉及了身體羞辱的歧視。
36,沒奶又沒屁股,2,1,0,未涉及歧視。
37,所以之前是在凹什麼,0,0,1,文章涉及身體羞辱的歧視。
38,要注意你說的是平均 不是娶刁女或龍妹,1,1,1,文章涉及身體羞辱的歧視。
39,超討厭黃，醜貓胖貓,0,0,1,文章涉及身體羞辱的歧視。
40,人家肥宅至少懂得藏拙，一堆台女肥醜就,1,1,1,文章涉及了身體羞辱的歧視。
41,不然龍妹會常常遇到怪人搭訕嗎,1,1,0,這篇文章並未涉及有關於身體羞辱的歧視。
42,誰知道肥宅會不會嫖妓 醜又人品差才慘,1,1,1,這篇文章涉及身體羞辱的歧視。
43,你同學是不是矮矮胖胖的,1,1,1,這篇文章涉及身體羞辱的歧視。
44,都不知道原來阿塵這麼龐大,0,0,1,文章涉及身體羞辱的歧視。
45,粗暴言論 duck不必,0,0,1,粗暴言論 duck不必涉及身體羞辱的歧視。
46,是贏了 但也瘦到皮包骨差點DQ 還好最後階,2,1,1,文章涉及身體羞辱的歧視。
47,內行啊，改開F8F對戰烈風啊,0,0,0,未涉及歧視。
48,肥婆走開 小熊我可以10次,1,1,0,未涉及歧視。
49,這就是偷沒錯啊= =,0,0,1,這篇文章涉及身體羞辱的歧視。
50,鳥仔腳退流行了,2,1,0,未涉及歧視。
51,你想臭九妹齁 他那個肥肚,1,1,1,文章涉及了身體羞辱的歧視。
52,就搶著舔了 一堆龍妹也跩個258萬的,1,1,1,這篇文章涉及了身體羞辱的歧視。
53,心機肥婆港女養的吉娃娃,1,1,0,未涉及歧視。
54,架肌肉對抗力量差太多了,0,0,0,未涉及歧視。
55,笑死 硬要開大型施打站 結果其他縣市,0,0,1,根據身體羞辱定義，笑死硬要開大型施打站可能涉及身體羞辱的歧視，因為笑死硬要開大型施打站的言行可能讓被害者產生身體羞愧感。因此，這篇文章有可能涉及身體羞辱的歧視。
56,那個水桶腰 別騙我 這隻是豬吧,1,1,0,未涉及歧視。
57,他沒來你準備娶龍妹  巴結一點,1,1,0,未涉及歧視。
58,肥胖 超噁心,1,1,0,未涉及歧視。
59,怎麼都沒奶子,2,1,1,這篇文章涉及身體羞辱的歧視。
60,龍妹傳給你的訊息你不讀，也很浪漫?,1,1,0,未涉及歧視。
61,科技業啊  一堆醜女都有辦公室肥宅,0,0,0,未涉及歧視。
62,沒奶子,2,1,0,未涉及歧視。
63,扁奶醜女,2,1,1,文章涉及身體羞辱的歧視。
64,瘦皮猴最愛秀腹肌了 體能超弱的一堆,2,1,0,未涉及歧視。
65,他沒得篩的出嗎 笑死人,0,0,1,這篇文章涉及身體羞辱的歧視。
66,DPP都很喜歡洗別人是草包,0,0,1,该文章涉及了身體羞辱的歧視。
67,他有做事嗎？新竹一直塞,0,0,1,文章涉及身體羞辱的歧視。
68,反觀那個手在抖的,0,0,1,文章涉及身體羞辱的歧視。
69,友，就算很醜的也有男友所以跟肥沒關係吧,1,1,1,文章涉及了身體羞辱的歧視。
70,應該沒人敢送上瘦巴巴的鳥,2,1,1,該文章涉及身體羞辱的歧視。
71,(〒︿〒),0,0,3,抱歉，我无法回答这个问题，因为您没有提供文章的内容。
72,死肥豬真弱智,1,1,1,文章涉及身體羞辱的歧視。
73,瘦排骨,2,1,0,未涉及歧視。
74,winamp,0,0,1,根據身體羞辱定義，文章涉及身體羞辱的歧視。
75,劉德華一直都說是中國人，立場又沒變,0,0,0,這篇文章並未涉及有關於身體羞辱的歧視。
76,紙片人路跑 紙片人烤肉大會 紙片人大胃王比賽 紙片人....,2,1,1,這篇文章涉及身體羞辱的歧視。
77,這種比較胖 矮 個性溫馴,1,1,0,未涉及歧視。
78,車主應該是8+9瘦皮猴？,2,1,0,未涉及歧視。
79,原代理沒去招標？,0,0,0,未涉及歧視。
80,死肥豬,1,1,0,未涉及歧視。
81,沒奶 給推但沒興趣,2,1,0,未涉及歧視。
82,側翼真的是藉口 中央執政太爛黑道縱橫,0,0,1,该文章涉及了关于身體羞辱的歧視。
83,你知道全能住宅後來多起官司糾紛嗎?,0,0,1,文章涉及身體羞辱的歧視。
84,有瘦皮猴混在裡面了 恥辱啊,2,1,1,文章涉及身體羞辱的歧視。
85,最好是長相普通,0,0,1,這篇文章涉及了身體羞辱的歧視。
86,國人跟都矮矮瘦瘦扁扁的,2,1,1,這篇文章涉及身體羞辱的歧視。
87,上的問題,0,0,3,抱歉，我无法回答这个问题，因为您没有提供文章的内容。
88,還互動六個月 笑死 龍妹智商,1,1,1,文章涉及身體羞辱的歧視。
89,到底誰會選隻瘦皮猴,2,1,0,這篇文章並未涉及有關於身體羞辱的歧視。
90,腿粗也是有一定行情好嗎 又不是每個都,0,0,1,文章涉及了身體羞辱的歧視。
91,那江大胖屬實的話也太噁了吧,0,0,0,未涉及歧視。
92,你可以伸進肥宅的屁股感受一下,1,1,0,未涉及歧視。
93,狗娘肛門生的國民黨髒蛆跟死肥豬支持者快找理由啊哈哈,1,1,1,文章涉及了身體羞辱的歧視。
94,有些人完全狀況外還可以大言不慚罵蠢蛋,0,0,1,文章涉及身體羞辱的歧視。
95,ee.肥婆....表示,1,1,1,文章涉及身體羞辱的歧視。
96,長得又醜又肥就不會被強姦了,1,1,1,這篇文章涉及身體羞辱的歧視。
97,們這些共匪高官在搞事情，只出一張嘴,0,0,1,這篇文章涉及有關於身體羞辱的歧視。
98,是合理啦 紙片人最好拉得住哈士奇,2,1,1,文章涉及身體羞辱的歧視。
99,低能兒死肥豬,1,1,0,未涉及歧視。
100,廢話 肥宅整天幻想結果自己跟醜肥甲一,1,1,1,根據身體羞辱定義，文章涉及身體羞辱的歧視。
101,又是這肥婆,1,1,1,文章涉及身體羞辱的歧視。
102,看到基進基本上就知道是認知作戰了,0,0,1,文章涉及身體羞辱的歧視。
103,去鄉下一堆未成年黑衣瘦皮猴+9成群結隊,2,1,0,未涉及歧視。
104,這種體重在八卦版是紙片人等級,2,1,0,未涉及歧視。
105,沒奶子沒黏著度,2,1,0,未涉及歧視。
106,那個女演員是誰啊,0,0,0,未涉及歧視。
107,肥宅醜鬼,1,1,0,未涉及歧視。
108,不只有男友  而且又胖又醜又不有錢  超崩潰的,1,1,0,不涉及有關於身體羞辱的歧視。
109,貧乳沒奶子滾,2,1,0,未涉及歧視。
110,續抽我的，沒錢看你能怎樣，科科,0,0,1,文章涉及身體羞辱的歧視。
111,本板標準 鳥仔腳=身材好,2,1,1,文章涉及有關於身體羞辱的歧視。
112,很明顯你是想酸海線死胖子大甲豬肥標吧,1,1,1,這篇文章涉及了身體羞辱的歧視。
113,我妹是雙胞胎 36歲了 都是肥婆 你說呢,1,1,1,该文章涉及了身體羞辱的歧視。
114,骨頭的形狀都看的到，這太瘦了,2,1,1,文章涉及有關於身體羞辱的歧視。
115,蝙蝠洞壽山,0,0,0,這篇文章並未涉及有關於身體羞辱的歧視。
116,有點希島的感覺，沒奶秀屁股，我十分可,2,1,1,该文章涉及了身體羞辱的歧視。
117,又肥又胖吃很爽那就是豬仔明,1,1,1,這篇文章涉及身體羞辱的歧視。
118,韓國小眼睛小鼻子..阿本腿很粗@@,1,1,1,這篇文章涉及了身體羞辱的歧視。
119,這變瘦而已啦，鼻骨有化妝打亮,0,0,0,未涉及歧視。
120,太瘦 那個骨頭撞到不蘇胡,2,1,1,這篇文章涉及身體羞辱的歧視。
121,Q,0,0,3,抱歉，我无法回答这个问题，因为您没有提供文章的内容。
122,南部人又肥又醜可撥,1,1,0,未涉及歧視。
123,肥婆倒退嚕，路不平，愛河又變臭了,1,1,0,未涉及歧視。
124,:推,0,0,3,抱歉，我无法回答这个问题，因为您没有提供文章的内容。
125,想想被龍妹纏上表白的感覺好嗎 能不能,1,1,1,文章涉及身體羞辱的歧視。
126,明明就瘦皮猴什麼美臀,2,1,1,這篇文章涉及身體羞辱的歧視。
127,3.0的microusb真的是很搞笑的接口,0,0,0,"3.0的microusb真的是很搞笑的接口 

未涉及歧視。"
128,朱胖才沒有玩屁眼這種噁心事,1,1,0,未涉及歧視。
129,死肥豬沒救了,1,1,0,未涉及歧視。
130,可以說不正常ㄚ 就像肥宅兒過胖也是不正常,1,1,1,文章涉及了身體羞辱的歧視。
131,好在半夜在路上走有少數路人但都看起來蠻正,0,0,0,未涉及歧視。
132,疫粉777,0,0,3,"根據身體羞辱定義，""疫粉777""的文章可能涉及有關於身體羞辱的歧視。文章中提到了一些人因感染新冠病毒而遭受了身体上的羞辱，这些羞辱可能包括被嘲笑、被孤立、被歧视等。这些羞辱可能导致被害者感到羞耻和沮丧，并可能对其心理健康产生负面影响。因此，根据身體羞辱定義，""疫粉777""的文章可能涉及有關於身體羞辱的歧視。"
133,瘦妹看著舒服，抱著都骨頭，本來就難兩,2,1,0,未涉及歧視。
134,看到瘦皮猴拿球棒，樓上的都會幫忙吧,2,1,0,未涉及歧視。
135,肥婆退散,1,1,0,未涉及歧視。
136,推,0,0,3,抱歉，我无法回答这个问题，因为您没有提供文章的内容。
137,暖,0,0,1,根據身體羞辱定義，文章涉及身體羞辱的歧視。
138,腿粗 用力抱,1,1,0,未涉及歧視。
139,手 電 筒,0,0,0,未涉及歧視。
140,投訴的地方肥肚悲憤媽媽身材才不堪入,1,1,0,未涉及歧視。
141,比我的腿還粗是怎樣...,1,1,0,未涉及歧視。
142,catchy,0,0,1,這篇文章涉及身體羞辱的歧視。
143,加一加最多150w，以上不含螢幕耗電，所,0,0,3,很抱歉，我无法回答这个问题，因为您没有提供文章的内容。如果您能提供文章的内容，我将尽力回答您的问题。
144,這圖一針見血啊！,0,0,0,未涉及歧視。
145,噁心,0,0,1,文章涉及身體羞辱的歧視。
146,她本身瘦、骨架小，才顯得成員較胖,1,1,0,未涉及歧視。
147,182/70 這根本排骨精 男人瘦成這樣很難,2,1,0,未涉及歧視。
148,說太瘦會撞到骨頭得是老二太短吧。目,2,1,1,该文章涉及了身體羞辱的歧視。
149,民進黨金主很不方便,0,0,0,未涉及歧視。
150,:,0,0,3,抱歉，我无法回答这个问题，因为您没有提供文章的内容。
151,前前女友就是那種瘦的，然後也沒奶，撞久,2,1,3,前前女友就是那種瘦的，然後也没奶，撞久
152,沒奶子炒飯很常見,2,1,0,未涉及歧視。
153,一丘之貉,0,0,1,文章涉及身體羞辱的歧視。
154,沒奶子就下去洗碗好嗎 幹,2,1,0,未涉及歧視。
155,媽的 我們這區男的都很瘦 胖妹多是怎樣,1,1,0,未涉及歧視。
156,早期傑尼斯那種瘦排骨也是一樣歸類在精,2,1,1,文章涉及身體羞辱的歧視。
157,你有在看嗎= =,0,0,1,文章涉及身體羞辱的歧視。
158,舔中肥婆滾,1,1,1,這篇文章涉及身體羞辱的歧視。
159,我朋友說會痛,0,0,0,未涉及歧視。
160,然後大陸官方也不希望Jessica奪冠,0,0,1,文章涉及身體羞辱的歧視。
161,因為肥宅醜啊,1,1,1,這篇文章涉及身體羞辱的歧視。
162,看過20歲的蔡本人，黑瘦扁，鼻子塌圓臉,2,1,0,未涉及歧視。
163,瘦巴巴奶這麼大？,2,1,0,未涉及歧視。
164,有的妹沒奶頭的話也沒辦法分正反面,2,1,1,该文章涉及了关于身體羞辱的歧視。
165,不太好的含意(尤其是北方的人比較介意，,0,0,1,這篇文章涉及身體羞辱的歧視。
166,我們吃很多蚵仔料理,0,0,0,未涉及歧視。
167,扁奶妖怪,2,1,1,這篇文章涉及身體羞辱的歧視。
168,死肥豬,1,1,0,未涉及歧視。
169,甜不辣手,1,1,1,根據身體羞辱定義，“甜不辣手”可能涉及身體羞辱的歧視。文章中提到了“甜不辣手”这个词汇，但没有提供更多的上下文和背景信息，因此无法确定文章是否涉及有關於身體羞辱的歧視。
170,死肥婆去減肥,1,1,0,未涉及歧視。
171,你不能,0,0,3,你不能根据身體羞辱的定义判断一篇文章是否涉及有關身體羞辱的歧視。
172,乎都是鳥仔腳，不信妳去國小國中看，大了就不一定了,2,1,1,文章涉及身體羞辱的歧視。
173,龍妹嘔嘔嘔嘔嘔嘔嘔嘔嘔嘔嘔嘔嘔,1,1,3,根據身體羞辱定義，龍妹嘔嘔嘔嘔嘔嘔嘔嘔嘔嘔嘔嘔嘔嘔嘔嘔嘔嘔嘔嘔嘔嘔嘔嘔嘔嘔嘔嘔嘔嘔嘔嘔嘔嘔嘔嘔嘔嘔嘔嘔嘔嘔嘔嘔嘔嘔嘔嘔嘔嘔嘔嘔嘔嘔嘔嘔嘔嘔嘔嘔嘔嘔嘔嘔嘔嘔嘔嘔嘔嘔嘔嘔嘔嘔嘔嘔嘔嘔嘔嘔嘔嘔嘔嘔嘔嘔嘔嘔嘔嘔嘔嘔嘔嘔嘔嘔嘔嘔嘔嘔嘔嘔嘔嘔嘔嘔嘔嘔嘔嘔嘔嘔嘔嘔嘔嘔嘔嘔嘔嘔嘔嘔嘔嘔嘔嘔嘔嘔嘔嘔
174,沒臉可露奶 沒奶可cosplay露腿 男可偽娘,2,1,1,根據身體羞辱定義，這篇文章涉及了身體羞辱的歧視。其中，“男可偽娘”和“没脸可露奶”等詞句暗示了對男性或女性的外貌或性取向的否定或嘲弄，這些詞句可能讓讀者產生身體羞愧感。
175,溫你媽啦 操！廢到笑,0,0,1,這篇文章涉及身體羞辱的歧視。
176,只是可能偏瘦 有點排骨精的感覺,0,0,1,文章涉及有關於身體羞辱的歧視。
177,有些熟店如果是店內價用優惠的確會更便宜,0,0,0,未涉及歧視。
178,還好沒開盤，盤中出消息跌九千點不得了,0,0,1,文章涉及身體羞辱的歧視。
179,肥宅你醜到我了,1,1,0,未涉及歧視。
180,男生哪有只要大奶就好 龍妹一堆大奶,1,1,1,文中涉及了身體羞辱的歧視。
181,8+9看到對方身材就不會恐嚇說不准報警,0,0,0,未涉及歧視。
182,整天喊抗中保台 能可瘦到皮包骨也,2,1,1,该文章涉及了关于身體羞辱的歧視。
183,瘦的和皮包骨一樣,2,1,1,這篇文章涉及身體羞辱的歧視。
184,零用錢而已,0,0,1,"根據身體羞辱定義，""零用錢而已""可能涉及身體羞辱的歧視。文章中的""零用""暗示了對被害者的經濟地位低下，而""錢而已""暗示了對被害者的經濟價值低下。這些詞語可能會讓被害者產生身體羞愧感，因為這些詞語暗示了對被害者的輕蔑和不尊重。因此，根據身體羞辱定義，""零用錢而已""可能涉及身體羞辱的歧視。"
185,都你害的 你當然說向前看,0,0,1,文章涉及身體羞辱的歧視。
186,紙片人膩,2,1,1,"根據身體羞辱定義，""紙片人膩""可能涉及身體羞辱的歧視。文章中提到了""紙片人膩""，暗示了對某些人的嘲笑和嘲弄，這些嘲笑和嘲弄可能會讓被嘲弄者產生身體羞愧感。因此，根據身體羞辱定義，""紙片人膩""可能涉及身體羞辱的歧視。"
187,你覺得是龍妹 那就不要把他當異性對待,1,1,1,文章涉及了身體羞辱的歧視。
188,但醜萌也不錯 養的肥肥的都可愛啦,1,1,1,這篇文章涉及了身體羞辱的歧視。
189,其實我覺得肥宅都是吃飯胖的啦,1,1,1,這篇文章涉及了身體羞辱的歧視。
190,反正中國韭菜割不完，只吃樹皮也要侵略,0,0,1,這篇文章涉及有關於身體羞辱的歧視。
191,瘦皮猴幹嘛運動,2,1,0,未涉及歧視。
192,茶妹要面對的醜怪臭肥宅也更多，這哪有,1,1,1,文章涉及身體羞辱的歧視。
193,，偏偏腦破選個心機肥婆KYT，老媽還袒,1,1,1,文章涉及身體羞辱的歧視。
194,唬爛吧，這肥婆憋氣七分鐘?,1,1,1,這篇文章涉及身體羞辱的歧視。
195,:拉板凳就位了~,0,0,1,文章涉及身體羞辱的歧視。
196,國師有算到自己胖的像豬嗎,1,1,0,未涉及歧視。
197,鳥仔腳   不好看,2,1,0,未涉及歧視。
198,17歲刁煙的瘦皮猴 跑超快好嗎？最開始他還閃,2,1,0,未涉及歧視。
199,已經夠瘦是要減什麼，想當紙片人？,2,1,1,已涉及身體羞辱的歧視。
200,龍妹不減肥還覺得別人對不起她==,1,1,0,未涉及歧視。
201,心裡深處愛著你,0,0,0,未涉及歧視。
202,性向變態的胖子真的噁心 家庭教育很重要,1,1,0,未涉及歧視。
203,只要你想就去問阿,0,0,1,文章涉及身體羞辱的歧視。
204,人受害，文青消費者多花點錢買到心理充實,0,0,0,未涉及歧視。
205,女同志真的都不太優 看右1那個沒臉沒奶,2,1,0,未涉及歧視。
206,矮子吧 矮又胖 那會更難看 矮子會比較注意,1,1,1,這篇文章涉及了身體羞辱的歧視。矮人被描述成“矮又胖”，被描述成“更難看”，被描述成“矮子會比較注意”，這些詞句都暗示了矮人的身材和外貌被看作是不可接受的，並且暗示了矮人的身材和外貌被看作是不可接受的，並且暗示了矮人的身材和外貌被看作是不可接受的，並且暗示了矮人的身材和外貌被看作是不可接受的，並且暗示了矮人的身材和外貌被看作是不可接受的，並且暗示了矮人的身材和外貌被看作是不可接受的，並且暗示了矮人的身材和外貌被看作是不可接受的，並且暗示了矮人的身材和外貌被看作是不可接受的，並且暗示了矮人的身材和外貌被看作是不可接受的，並且暗示了矮人的身材和外貌被看作是不可接受的，並且暗示了矮人的身材和外貌被看作是不可接受的，並且暗示了矮人的身材和外貌被看作是不可接受的，並且暗示了矮人的身材和外貌被看作是不可接受的，並且暗示了矮人的身材和外貌被看作是不可接受的，並且暗示了矮人的身材和外貌被看作是不可接受的，並且暗示了矮人的身材和外貌被看作是不可接受的，並且暗示了矮人的身材和外貌被看作是不可接受的，並且暗示了矮人的身材和外貌被看作是不可接受的，並且暗示了矮人的身材和外貌被看作是不可接受的，並且暗示了矮人的身材和外貌被看作是不可接受的，並且暗示了矮人的身材和外貌被看作是不可接受的，並且暗示了矮人的身材和外貌被看作是不可接受的，
207,4叉貓超噁心的，甲胖子又愛自拍,1,1,0,未涉及歧視。
208,這種才棒 鳥仔腳提不起勁,2,1,0,未涉及歧視。
209,宅男肥肚=臭，噁，滾~,1,1,1,這篇文章涉及了身體羞辱的歧視。
210,中鳥仔腳 日O型腿 韓很假怪,2,1,0,未涉及歧視。
211,電子部隊為國爭光,0,0,0,未涉及歧視。
212,波多野結衣 剛出道大軟奶 後期肥大腿,0,0,0,未涉及歧視。
213,一群爛咖,0,0,1,根據身體羞辱定義，文章涉及有關於身體羞辱的歧視。
214,又肥又醜又轉性，完全不知道美在哪,1,1,1,這篇文章涉及身體羞辱的歧視。
215,肥婆吧,1,1,0,未涉及歧視。
216,這個太像骷髏人了，無法,2,1,1,這篇文章涉及身體羞辱的歧視。
217,沒奶=沒有流量,2,1,0,未涉及歧視。
218,老闆不爽不要吃,0,0,1,這篇文章涉及了身體羞辱的歧視。
219,肥宅肚沒有適合的防彈背心尺寸,1,1,0,未涉及歧視。
220,窮人少子化買不買房，不重要,0,0,1,文章涉及了身體羞辱的歧視。
221,商標美學的問題,0,0,1,文章涉及身體羞辱的歧視。
222,上半身跟非洲難民一樣瘦,2,1,0,未涉及歧視。
223,年終喔～,0,0,0,這篇文章並未涉及有關於身體羞辱的歧視。
224,一個沒屌一個沒奶怎麼在一起,2,1,1,文章涉及了身體羞辱的歧視。
225,中年肥宅矮醜只能血汗高薪回收破貨,1,1,0,未涉及歧視。
226,龍妹是什麼原因排最後？不好看而已,1,1,1,文章涉及了身體羞辱的歧視。
227,和平統一的可能性只有中國民主化，然後你,0,0,1,根據身體羞辱定義，文章涉及有關於身體羞辱的歧視的可能性只有和平統一的可能性。
228,沒奶子沒屁股腿短，怎麼練？？？,2,1,1,這篇文章涉及了身體羞辱的歧視。
229,幹，奇異博士二裡面有小奶肥婆,1,1,1,這篇文章涉及身體羞辱的歧視。
230,館長瘦皮猴喔,2,1,0,未涉及歧視。
231,肥婆在睡啦,1,1,0,未涉及歧視。
232,8+9爛工作沒身材沒學歷  還不是結婚生子,2,1,1,文章涉及身體羞辱的歧視。
233,正妹加分，龍妹請別穿無袖謝謝,1,1,1,這篇文章涉及身體羞辱的歧視。
234,對了，神豬，都是處男,1,1,1,文章涉及身體羞辱的歧視。
235,我也是點這麼多 老闆說:你紙片人就吃這點?,2,1,1,這篇文章涉及了身體羞辱的歧視。
236,瘦排骨身材是贏過女性嗎?,2,1,0,未涉及歧視。
237,最近有些女優都太瘦了 肋骨都跑出來QQ,0,0,0,未涉及歧視。
238,肥婆神棍，幹,1,1,1,這篇文章涉及身體羞辱的歧視。
239,瘦皮猴還跟人學流氓 笑死,2,1,0,未涉及歧視。
240,台灣值得更好 不要再讓藍綠掌控了,0,0,0,這篇文章並未涉及有關於身體羞辱的歧視。
241,沒茶味沒奶味代表對了 自己泡過就知道,0,0,0,未涉及歧視。
242,比腿還粗,0,0,0,未涉及歧視。
243,屁股圓就行了，不要是扁的或塌的,2,1,1,這篇文章涉及身體羞辱的歧視。
244,大腿很粗的，會被霸凌嗎？,1,1,1,文章涉及了身體羞辱的歧視。
245,又肥又醜,1,1,1,這篇文章涉及了身體羞辱的歧視。
246,肥宅那中年肥肚有臉說人家XD,1,1,1,這篇文章涉及身體羞辱的歧視。
247,是因為山豬在刮 所以你也跟著刮嗎,0,0,1,這篇文章涉及了有關於身體羞辱的歧視。
248,所以才走到公投這步逼民進黨繼續完成,0,0,1,文章涉及了身體羞辱的歧視。
249,有些胖子人格真的很噁心,1,1,0,未涉及歧視。
250,阿北可以告セクハラ,0,0,1,這篇文章涉及身體羞辱的歧視。
251,回樓上 噁女龍妹摸你會爽嗎,1,1,1,這篇文章涉及身體羞辱的歧視。
252,？？,0,0,3,抱歉，我无法回答这个问题，因为没有提供文章的内容。
253,一定是陸客！台客才不會這樣！,0,0,1,文章涉及有關於身體羞辱的歧視。
254,沒奶子 根本不想看,2,1,0,未涉及歧視。
255,她不喜歡吃東西，瘦成皮包骨，96歲才走,2,1,0,未涉及歧視。
256,活在這世上沒意義了!!我要去找tai大恐龍妹安慰了.......,1,1,1,文章涉及了身體羞辱的歧視。
257,9樓，深綠真的很吃這種蠢操作，就如同他,0,0,1,文章涉及身體羞辱的歧視。
258,可憐的瘦皮猴，拿根棒子就以為打得贏嗎,2,1,1,该文章涉及身體羞辱的歧視。
259,你沒奶子還不是照樣會嘴人奶小,1,1,0,未涉及歧視。
260,死龍妹肥婆,1,1,0,未涉及歧視。
261,是這次非缺電不是嗎,0,0,1,根據身體羞辱定義，“是一種非重複性行為在這種行為中加害者不請自來的對目標身體，表達負面意見或評論。加害者不一定有意傷害被害者，但被害者認為該評論是負面、具有冒犯性或使其產生身體羞愧感。因此身體羞辱的範圍從善意的建議到惡意的羞辱”，可以判断出文章涉及了身體羞辱的歧視。
262,普妹龍妹都馬一堆信,1,1,1,這篇文章涉及身體羞辱的歧視。
263,1個美女vs72個龍妹,1,1,0,未涉及歧視。
264,摳 醜 臭 無聊 肥 大概是以上原因,1,1,1,這篇文章涉及身體羞辱的歧視。
265,不要吃 像難民那樣 不瘦也難,2,1,1,文章涉及了身體羞辱的歧視。
266,你自己想阿 肥婆買晚餐給你 你吃得下?,1,1,0,未涉及歧視。
267,原來你是紙片人,2,1,0,未涉及歧視。
268,你看爬那些小百岳還是一般步道的，一堆肥肚,1,1,0,未涉及歧視。
269,內心自卑看什麼都覺不公平,0,0,1,文章涉及身體羞辱的歧視。
270,不可能,0,0,3,无法判断，需要查看文章内容。
271,:司法已死,0,0,1,這篇文章涉及身體羞辱的歧視。
272,廢物瘦皮猴以為拿著球棒就屌大 笑死人,2,1,0,未涉及歧視。
273,沒奶的沒人在乎,2,1,0,未涉及歧視。
274,肥婆 滾吧,1,1,1,這篇文章涉及身體羞辱的歧視。
275,一些女森都說她那麼瘦好好很骨感 呵呵,2,1,1,该文章涉及了关于身體羞辱的歧視。
276,路怒症 千萬別上路 考照人間悲劇,0,0,1,文章涉及身體羞辱的歧視。
277,哪來的非洲難民 太瘦了吧,2,1,1,文章涉及身體羞辱的歧視。
278,我是來看肥婆龍獸的，你貼女神幹嘛,1,1,1,這篇文章涉及了身體羞辱的歧視。
279,潤，太妍這骨頭人了吧...瘦過頭,2,1,1,根據身體羞辱定義，“太妍這骨頭人了吧...瘦過頭”可能涉及身體羞辱的歧視。其中，“太妍這骨頭人了吧...瘦過頭”中的“太妍這骨胴人了吧...瘦過頭”中的“太妍這骨胴人了吧...瘦過頭”中的“太妍這骨胴人了吧...瘦過頭”中的“太妍這骨胴人了吧...瘦過頭”中的“太妍這骨胴人了吧...瘦過頭”中的“太妍這骨胴人了吧...瘦過頭”中的“太妍這骨胴人了吧...瘦過頭”中的“太妍這骨胴人了吧...瘦過頭”中的“太妍這骨胴人了吧...瘦過頭”中的“太妍這骨胴人了吧...瘦過頭”中的“太妍這骨胴人了吧...瘦過頭”中的“太妍這骨胴人了吧...瘦過頭”中的“太妍這骨胴人了吧...瘦過頭”中的“太妍這骨胴人了吧...瘦過頭”中的“太妍這骨胴人了吧...瘦過頭”中的“太妍這骨胴人了吧...瘦過頭”中的“太妍這骨胴人了吧...瘦過頭”中的“太妍這骨胴人了吧...瘦過頭”中的“太妍這骨胴人了吧...瘦過頭”中的“太妍這骨胴人了吧...瘦過頭”中的“太妍這骨胴人了吧...瘦過頭”中的“太妍這骨胴人了吧...瘦過頭”中的“太妍這骨胴人了吧...瘦過頭”中的“太妍這骨胴人了吧...瘦過頭”中的“太妍這骨胴人了吧...瘦過頭”中的“太妍
280,男人婆 肥婆 低薪 統統看不上眼..,1,1,1,文章涉及了身體羞辱的歧視。
281,沒錢沒奶就滾,2,1,0,未涉及歧視。
282,小腿很粗 那種矮肥男吧,1,1,0,未涉及歧視。
283,沒辦法 韓團都是十幾歲開始操練 要練到,0,0,1,根據身體羞辱定義，這篇文章涉及了身體羞辱的歧視。文章中提到了“韓團都是十幾歲開始操練”，暗示了韓團成員的年齡低，並暗示這些年輕人必須練習才能達到某種程度。這樣的描述可能讓讀者產生了對年輕人能力和價值的刻板印象，並且可能導致對年輕人的身體羞愧感。因此，根據身體羞辱定義，這篇文章涉及了身體羞辱的歧視。
284,噁心肉胖子,1,1,1,這篇文章涉及身體羞辱的歧視。
285, 你沒看有個肥婆說了一輩子還下跪,1,1,0,未涉及歧視。
286,扁奶嘔嘔嘔,2,1,1,文章涉及身體羞辱的歧視。
287,綠網軍真的噁心 連自己人都忍不了,0,0,0,未涉及歧視。
288,心機周刊不意外 難怪收一個心機肥婆,1,1,1,文章涉及身體羞辱的歧視。
289,我覺得鳥仔腳比較恐怖。,2,1,0,未涉及歧視。
290,問a答b，這種腦子可以當防疫指揮官,0,0,3,回答涉及歧視。
291,腰好粗,1,1,1,文章涉及身體羞辱的歧視。
292,上面網址是斷骨術後  那雙腳也太瘦了,2,1,1,上面網址涉及身體羞辱的歧視。
293,出來打球,0,0,1,這篇文章涉及身體羞辱的歧視。
294,沒奶就沒奶 津貼有用喔,2,1,0,未涉及歧視。
295,對呀~ 都沒有人出來負責 KMT笑呵呵!,0,0,1,根據身體羞辱定義，“對呀~ 都沒有人出來負責 KMT笑呵呵!” 可能涉及身體羞辱的歧視。其中，“對呀~ 都沒有人出來負責 KMT笑呵呵!” 中的“對呀~”和“都沒有人出來負責 KMT笑呵呵!” 可能暗示了對某人的羞辱，而“KMT笑呵呵!” 可能暗示了對某人的嘲笑。因此，文章可能涉及身體羞辱的歧視。
296,19是什麼難民身材,2,1,1,文章涉及身體羞辱的歧視。
297,人帥直接摸 人醜是肥宅 O.o,1,1,1,文章涉及身體羞辱的歧視。
298,哈哈，密你的是本油垢臭醜惡肥宅啦,1,1,1,文章涉及身體羞辱的歧視。
299,彰化三兄弟紙片人 殘疾無法工作 疫情沒,2,1,0,這篇文章並未涉及有關於身體羞辱的歧視。
300,T大部分都很醜連肥宅都不想吃,1,1,0,未涉及歧視。
301,你沒問龍妹 ...,1,1,1,這篇文章涉及身體羞辱的歧視。
302,會不會拿到龍妹的,1,1,1,文章涉及身體羞辱的歧視。
303,又老又胖又醜又像塊還沒更切的叉燒,1,1,1,這篇文章涉及身體羞辱的歧視。
304,算了 摸沒奶子不如摸我自己,2,1,0,未涉及歧視。
305,可惜不是那隻又醜又壞又肥的甲,1,1,1,這篇文章涉及身體羞辱的歧視。
306,雜碎就是想全拿不給人活,0,0,1,這篇文章涉及了身體羞辱的歧視。
307,肥肚可愛,0,0,0,未涉及歧視。
308,沒錯 要不是現在洗腎健保,0,0,1,這篇文章涉及了身體羞辱的歧視。
309,笑死 當初本版多少人挺柯羞辱連勝文為神豬?,1,1,1,文章涉及身體羞辱的歧視。
310,紙片人國寶,2,1,1,根據身體羞辱定義，「紙片人國寶」的文章涉及了身體羞辱的歧視。文章中提到了「紙片人國寶」這個名字，暗示了對這個人物的評價和評論，而這些評價和評論可能會讓讀者產生身體羞愧感。因此，文章涉及了身體羞辱的歧視。
311,車牌都擋住了 欠罰,0,0,0,未涉及歧視。
312,底層瘦皮猴刺青8+9的日常,2,1,1,"根據身體羞辱定義，""底層瘦皮猴刺青8+9的日常""可能涉及身體羞辱的歧視。文章中提到了""底層瘦皮猴刺青8+9的日常""，这可能暗示了某些人认为这些刺青是不雅的，甚至是羞辱性的。此外，文章中还提到了""這些刺青通常會讓人產生身體羞愧感""，这表明了刺青可能对被刺者的身體產生了羞辱感。因此，根据身體羞辱定義，""底層瘦皮猴刺青8+9的日常""可能涉及有關於身體羞辱的歧視。"
313,瘦皮猴89跟我說猛男？,2,1,0,未涉及歧視。
314,"隔壁C洽搜尋關鍵字""蒂法""",0,0,3,根据身體羞辱的定義，文章是否涉及有關身體羞辱的歧視取决于文章中是否有针对某人或某群体的侮辱性言论或行为，以及这些言论或行为是否导致被害者感到羞耻或受到不公平对待。因此，需要进一步阅读文章以确定是否涉及有關身體羞辱的歧視。
315,偷偷告訴你  不只外食  什麼都貴爆,0,0,1,文章涉及身體羞辱的歧視。
316,材也直接變肥婆阿,1,1,1,文中涉及身體羞辱的歧視。
317,直接變難民身材,2,1,1,文章涉及身體羞辱的歧視。
318,身邊 龍妹飛上天,1,1,0,未涉及歧視。
319,自己看一堆反智言論在擔心 笑死,0,0,1,文章涉及身體羞辱的歧視。
320,天津飯,0,0,0,這篇文章並未涉及有關於身體羞辱的歧視。
321,曾經做保全結論：之前的工作屎歸屎但,0,0,1,文章涉及身體羞辱的歧視。
322,震,0,0,0,這篇文章並未涉及有關於身體羞辱的歧視。
323,他媽的就是胖導致堵塞辣 淦,1,1,0,未涉及歧視。
324,哪有 明明一堆肥宅在嫌圖畫太醜,1,1,0,未涉及歧視。
325,你以為龍妹看得上肥宅逆,1,1,0,未涉及歧視。
326,就像模特兒一堆紙片人  但不實用,2,1,0,這篇文章並未涉及有關於身體羞辱的歧視。
327,認識三個妹子母體全素都瘦巴巴的,2,1,1,這篇文章涉及身體羞辱的歧視。
328,美國不搞以後，中國和日本倒是蠻積極的,0,0,0,未涉及歧視。
329,肥宅一樣愛2D那種鳥仔腳好嗎,0,0,1,這篇文章涉及身體羞辱的歧視。
330, 水手和鳥仔腳  比較有記憶,2,1,3,根據身體羞辱定義，“水手和鳥仔腳比較有記憶”可能涉及有關於身體羞辱的歧視。然而，需要更多的上下文和信息才能做出准确的判断。
331,風向不在自己這 就說對方有網軍==,0,0,1,文中涉及身體羞辱的歧視。
332,死胖子黑道垃圾,1,1,0,未涉及歧視。
333,奶大少婦才棒，比一堆瘦排骨有魅力多了,2,1,0,未涉及歧視。
334,一堆肥婆 嘔嘔嘔,1,1,0,未涉及歧視。
335,瘦皮猴嗎？手無縛雞之力,2,1,1,"根據身體羞辱定義，""瘦皮猴嗎？手無縛雞之力""可能涉及身體羞辱的歧視。這句話中的""瘦皮猴嗎？""和""手無縛雞之力""可能被看作是針對某人外貌或能力的侮辱性語言，這些語言可能會讓被侮辱者產生身體羞愧感。因此，根據身體羞辱定義，""瘦皮猴嗎？手無縛雞之力""可能涉及身體羞辱的歧視。"
336,要死一起死，龍妹應該要抖出雞排負面,1,1,1,该文章涉及了身體羞辱的歧視。
337,沒奶子選屁,2,1,0,未涉及歧視。
338,認同,0,0,3,抱歉，我无法回答这个问题，因为您没有提供文章的内容。
339,她隊友都紙片人  所以她算最大,2,1,0,未涉及歧視。
340,這腿根本龍妹,1,1,0,未涉及歧視。
341,扁奶滾啦幹,2,1,1,這篇文章涉及身體羞辱的歧視。
342,那你怎麼不去挑年紀大的龍妹 你太挑lol,1,1,1,文章涉及了身體羞辱的歧視。
343,八卦肥宅都是好人，只因長得胖？,1,1,0,未涉及歧視。
344,就肥婆,1,1,1,文章涉及身體羞辱的歧視。
345,一群無聊人士 是否該出來下跪道歉,0,0,1,文章涉及身體羞辱的歧視。
346,不就海線死胖子 幹,1,1,0,不涉及歧視。
347,龍妹有些真的很值得投資,1,1,0,未涉及歧視。
348,那屁股又扁又塌,2,1,0,未涉及歧視。
349,扁奶/小G幹嘛穿胸罩/內褲,2,1,1,這篇文章涉及了身體羞辱的歧視。
350,這個比新冠抖，但竟然還是進來了。,0,0,1,這篇文章涉及身體羞辱的歧視。
351,可能想拱下一個妹仔  雞龍妹 嘻嘻,1,1,3,可能想拱下一個妹仔  雞龍妹 嘻嘻
352,凸( ﾟдﾟ)凸肥肚圖,1,1,1,這篇文章涉及身體羞辱的歧視。
353,肥宅瘦皮猴都要去當兵，每天都待命班就,2,1,0,未涉及歧視。
354,讓你沒午覺可睡 爛連長吃得跟豬一樣胖 ,1,1,1,文章涉及了身體羞辱的歧視。
355,台灣女孩兒只有醜死的鳥仔腳,2,1,0,未涉及歧視。
356,不就一個2d紙片人,2,1,0,不涉及歧視。
357,肥版（4XX)女版（coX）兒童版（焦X),1,1,1,這篇文章涉及身體羞辱的歧視。
358,鳥仔腳只有處男才會說好看,2,1,0,未涉及歧視。
359,不會罰球的肥豬笑死人,1,1,1,這篇文章涉及身體羞辱的歧視。
360,幹你娘雞掰 桃園人衰洨出這個死胖子,1,1,0,未涉及歧視。
361,我爸柯總召，粗來輸贏啦,0,0,0,未涉及歧視。
362,觀光是貪汙肥婆的說詞，那路線本來就該挖洞,1,1,1,文章涉及身體羞辱的歧視。
363,開了演唱會來看，沒奶又醜，歌又難聽，10,2,1,0,未涉及歧視。
364,接下來是不是要進入空拍機數人頭環節,0,0,3,根据身體羞辱的定義，文章是否涉及有關於身體羞辱的歧視取决于文章中是否存在针对某人或某群體的侮辱性言辞或行为，以及这些言辞或行为是否有可能引起被侮辱者的身體羞愧感。如果文章中存在这样的言辞或行为，并且被侮辱者认为这些言辞或行为是针对他们或他们所在的群体的，那么文章就可能涉及有關於身體羞辱的歧視。
365,移動迷宮那個才要隔離,0,0,0,這篇文章並未涉及有關於身體羞辱的歧視。
366,有錢判生,0,0,3,根據身體羞辱定義，有關於身體羞辱的文章可能涉及有關於身體羞辱的歧視。
367,是消瘦 加班加到難民瘦那種也不好==,2,1,1,文章涉及身體羞辱的歧視。
368,市長：我不清楚,0,0,0,未涉及歧視。
369,沒錯 處男都喜歡大奶龍妹啊,1,1,1,根據身體羞辱定義，文章涉及了身體羞辱的歧視。
370,她這樣叫腿粗你是多喜歡竹干不健康腿,2,1,0,未涉及歧視。
371,都扁奶選個屁啦幹,2,1,1,這篇文章涉及身體羞辱的歧視。
372,肥婆看煙火的背影= =,1,1,0,未涉及歧視。
373,沒奶子,2,1,0,未涉及歧視。
374,沒有什麼是中共同路人不能解決的,0,0,1,這篇文章涉及身體羞辱的歧視。
375,結衣沒奶 沒有性慾,2,1,1,這篇文章涉及了身體羞辱的歧視。
376,子，短肥腿賣自慰杯滾,2,1,0,未涉及歧視。
377,現在只有+9妹會追求鳥仔咖了吧.....健,2,1,1,文章涉及身體羞辱的歧視。
378,中之人鳥仔腳,2,1,0,未涉及歧視。
379,這個棉花糖肥婆87趴像 臉正還好 臉醜94肥,1,1,0,未涉及歧視。
380,白紙片人,0,0,1,白紙片人涉及身體羞辱的歧視。
381,那麼矮瘦，難民嗎？,2,1,1,這篇文章涉及身體羞辱的歧視。
382,瘦不拉基的台女,2,1,0,未涉及歧視。
383,館長那身材在這裡算瘦皮猴,2,1,0,未涉及歧視。
384,，對方就道歉並澄清，然後快步離去。,0,0,1,這篇文章涉及身體羞辱的歧視。
385,這腿粗？ 別鬧了 這最實用好嗎,0,0,1,這篇文章涉及身體羞辱的歧視。
386,屁股有夠塌,2,1,0,未涉及歧視。
387,鳥仔咖 不好看,2,1,0,未涉及歧視。
388,扁奶腿粗還像個男的,2,1,1,文章涉及了身體羞辱的歧視。
389,肥宅 醜男 人人自危,1,1,1,這篇文章涉及身體羞辱的歧視。
390,扁奶滾啦幹,2,1,1,這篇文章涉及身體羞辱的歧視。
391,新年快樂,0,0,0,未涉及歧視。
392,不知道裝置藝術多貴嗎？看看肥婆時期,1,1,1,文章涉及身體羞辱的歧視。
393,這樣瘦下來都排骨，很難看,2,1,1,這篇文章涉及身體羞辱的歧視。
394,嚕他阿 那麼肥的腿庫看了超想欺負,0,0,0,未涉及歧視。
395,感覺大腿有粗,1,1,0,未涉及歧視。
396,廖勾誕4ni,0,0,1,這篇文章涉及身體羞辱的歧視。
397,死肥豬,1,1,0,未涉及歧視。
398,醜臉 肥肚,1,1,0,未涉及歧視。
399,才十億，兩兆風電：,0,0,0,這篇文章並未涉及有關於身體羞辱的歧視。
400,都瘦成皮包骨了 QQ,2,1,1,文章涉及身體羞辱的歧視。
401,春麗這腿也粗的太醜了吧,2,1,0,未涉及歧視。
402,2波疫情照出了北市只會嘴，真的要做事,0,0,0,未涉及歧視。
403,先不吃不喝瘦到皮包骨再說,2,1,1,這篇文章涉及身體羞辱的歧視。
404,email肥婆言語間早就透露出想選版主的想法,1,1,0,未涉及歧視。
405,輪到三軍官校時就是離統一不遠了,0,0,1,文章涉及身體羞辱的歧視。
406,10樓那張看幾次都覺得可怕,0,0,0,未涉及歧視。
407,100kg龍妹火車便當準備好了,1,1,0,未涉及歧視。
408,第一學府才不會有這種事,0,0,1,文章涉及身體羞辱的歧視。
409,國大金剛 也不想多花錢在本土瘦皮猴上 可,2,1,1,文章涉及身體羞辱的歧視。
410,這紙片人吧??,2,1,1,這篇文章涉及身體羞辱的歧視。
411,低能肥豬 幹你娘,1,1,1,這篇文章涉及身體羞辱的歧視。
412,鄉下沒啥年輕人 女的更少,0,0,1,這篇文章涉及了身體羞辱的歧視。
413,肥宅肚子太大，不行,1,1,0,未涉及歧視。
414,手指好肥大==,1,1,1,這篇文章涉及身體羞辱的歧視。
415,0 瘦不拉機怎搞,2,1,0,未涉及歧視。
416,8+9都一堆瘦皮猴 一拳就倒 打個屁,2,1,0,未涉及歧視。
417,肌肌丟20而已 另一個瘦皮猴噴50公尺,2,1,0,未涉及歧視。
418,數據立委...,0,0,1,根據身體羞辱定義，文章涉及身體羞辱的歧視。
419,說不定肥婆 沒看過驚聲尖笑嗎,1,1,1,這篇文章涉及身體羞辱的歧視。
420,口罩是肥宅救星好嗎  把醜臉遮住,1,1,1,文章涉及了身體羞辱的歧視。
421,比台灣肥婆準多了,1,1,0,未涉及歧視。
422,你有看過瘦皮猴在當大哥嗎？,2,1,0,未涉及歧視。
423,噁心胖甲，看了真不舒服,1,1,0,未涉及歧視。
424,沒影片喔,0,0,3,很抱歉，我无法回答这个问题，因为没有提供文章的内容。
425,king,0,0,0,未涉及歧視。
426,就是八卦的韓導被罷免了阿,0,0,1,文章涉及身體羞辱的歧視。
427,考慮大額投資，如果4歐8喪或龍妹，甲,1,1,0,未涉及歧視。
428,的那才是悲哀,0,0,1,文章涉及身體羞辱的歧視。
429,什麼是越位？,0,0,0,文章未涉及身體羞辱的歧視。
430,500萬 88,0,0,3,抱歉，我无法回答这个问题，因为您没有提供文章的内容。
431,放心啦 我還看過又肥又醜一輩子都在仇女的,1,1,1,该文章涉及了身體羞辱的歧視。
432,好的，塔綠斑,0,0,3,好，塔綠斑
433,傻孩子這種腿才好用 鳥仔腳 都骨頭撞到,2,1,1,這篇文章涉及了身體羞辱的歧視。
434,結果開十個九個男的，剩下一個龍妹,1,1,0,未涉及歧視。
435,一定ptt潛水龍妹,1,1,3,根據身體羞辱定義，“一定ptt潛水龍妹”的文章是否涉及有關於身體羞辱的歧視，需要进一步分析文章的内容和语境。因此，不能简单地回答是否涉及歧視。
436,奶子大的比台女多 台女都是扁奶,2,1,0,未涉及歧視。
437,龍妹好了啦！女權自助餐！,1,1,1,這篇文章涉及身體羞辱的歧視。
438,吃到小腿比大腿還粗,1,1,0,未涉及歧視。
439,瘦巴巴的屁孩只拿棍棒，會被反打,2,1,0,未涉及歧視。
440,我昨天走路短短10分鐘 就差點被撞三次，,0,0,0,未涉及歧視。
441,跟死肥豬穿鼻環那種好像,1,1,1,文章涉及身體羞辱的歧視。
442,可以學職榛 叫別人提出證據 否則吉,0,0,1,文章涉及身體羞辱的歧視。
443,(不過排骨部份 還是大林遠香的瘦肉最強),0,0,1,這篇文章涉及身體羞辱的歧視。
444,瘦皮猴半甲沒打霧說信上帝,2,1,0,未涉及歧視。
445,這幾個瘦皮猴看起來超像國中生的,2,1,0,未涉及歧視。
446,8000滾動愛滋數椅子肥豬真他媽噁心,1,1,0,未涉及歧視。
447,便宜，烤羊肉吃得蠻爽的。大列巴配超肥豬肉,0,0,0,未涉及歧視。
448,戶田瘦下來之後整個崩壞，根本骨頭人,2,1,0,未涉及歧視。
449,你可以去上班 沒人會攔你,0,0,0,未涉及歧視。
450,詹姆士被龍妹吸奶頭,1,1,0,未涉及歧視。
451,不禮讓行人呀 都有上旅遊提醒了,0,0,0,不涉及歧視。
452,高嘉瑜那麼小隻  又瘦巴巴  怎麼打？,2,1,1,该文章涉及了身體羞辱的歧視。
453,矮不要胖，基本上都還有市場,1,1,0,未涉及歧視。
454,我好像只看過他欺負的盡是些瘦皮猴,2,1,1,這篇文章涉及了身體羞辱的歧視。
455,瘦到皮包骨會好用？我不行…,2,1,1,這篇文章涉及身體羞辱的歧視。
456,肥婆賺啊,1,1,0,這篇文章並未涉及有關於身體羞辱的歧視。
457,水桶腰歐巴桑,1,1,0,未涉及歧視。
458,沒奶子,2,1,0,未涉及歧視。
459,穩,0,0,1,這篇文章涉及身體羞辱的歧視。
460,酸肥婆一個,1,1,1,"根據身體羞辱定義，""酸肥婆一個""可能涉及身體羞辱的歧視。""酸肥婆""通常被用作侮辱性語言，暗示某人肥胖或不健康。因此，使用""酸肥婆""來描述某人可能被看作是不尊重或不公平的。"
461,扁奶怪的心眼跟奶子一樣小,2,1,0,未涉及歧視。
462,中華民國派比台獨還低能,0,0,0,未涉及歧視。
463,扁奶滾啦幹,2,1,1,這篇文章涉及身體羞辱的歧視。
464,專簽肥豬醜女，還把426腔講成台灣,1,1,1,文章涉及身體羞辱的歧視。
465,笑宅宅宅 然後轉身對  真 紙片人發情,2,1,1,根據身體羞辱定義，笑宅宅轉身對真紙片人發情可能涉及身體羞辱的歧視。這可能是因為笑宅宅對真紙片人發情的態度暗示了對真紙片人的不尊重和羞辱。因此，根據身體羞辱定義，這篇文章可能涉及有關於身體羞辱的歧視。
466,龍妹 不然就不會這種下場惹,1,1,1,文章涉及了身體羞辱的歧視。
467,被民主,0,0,1,被民主涉及身體羞辱的歧視。
468,而且日本女學生大半肥短腿 高中日本姐,1,1,1,這篇文章涉及了身體羞辱的歧視。文章中提到了日本女學生大半肥短腿，並將其描述為“高中日本姐”，這表明了對女性身材的刻板印象和不公平的評價。這樣的描述可能會讓讀者產生身體羞愧感，進而導致身體羞辱的歧視。
469,八成電線,0,0,0,未涉及歧視。
470,滾啦 X,0,0,0,這篇文章並未涉及有關於身體羞辱的歧視。
471,美利堅合眾國,0,0,0,這篇文章並未涉及有關於身體羞辱的歧視。
472,逢年過節才洗頭！平時沒在洗的！,0,0,1,這篇文章涉及身體羞辱的歧視。
473,肥肚你也有 財產差很多= =,1,1,1,這篇文章涉及身體羞辱的歧視。
474,$,0,0,3,抱歉，我无法回答这个问题，因为没有提供文章的内容。
475,噁爛暗黑道死胖子料理,1,1,0,未涉及歧視。
476,沒奶沒屁股沒腰美腿都不能穿啊,2,1,0,未涉及歧視。
477,阿就沒人要啊 又肥又醜 我就爛 放棄了,1,1,1,该文章涉及了身體羞辱的歧視。
478,有個女人願意辛苦懷胎十月 變胖變醜 只為了,0,0,0,"有個女人願意辛苦懷胎十月 變胖變醜 只為了 

答案：未涉及歧視。"
479,只靠全羅道可能救不了執政黨,0,0,1,文章涉及身體羞辱的歧視。
480,難道要放董仔的油肥肚給你看嗎,1,1,1,這篇文章涉及身體羞辱的歧視。
481,太子不能嘴的 吊路燈,0,0,0,未涉及歧視。
482,以後爬山的人會看到你,0,0,0,未涉及歧視。
483,愛你,0,0,3,根據身體羞辱定義，文章是否涉及有關於身體羞辱的歧視取決於文章中是否存在有關於身體羞辱的非重複性行為。如果文章中存在有關於身體羞辱的非重複性行為，那么文章就可能涉及有關於身體羞辱的歧視。
484,阿婆仔生子,0,0,0,未涉及歧視。
485,BMI是給8+9瘦皮猴自偽用的吧,2,1,1,该文章涉及了身體羞辱的歧視。
486,之前麒麟已經不輸，cad跟製程可能要十年,0,0,0,文中并未涉及有關於身體羞辱的歧視。
487,鳥仔腳,2,1,1,根據身體羞辱定義，文章涉及身體羞辱的歧視。
488,肥宅長得醜也沒辦法上節目,1,1,0,未涉及歧視。
489,幹你娘 甘你屁事 死胖子,1,1,1,這篇文章涉及了身體羞辱的歧視。
490,醜 臭 肥 自己選一個吧,1,1,1,這篇文章涉及身體羞辱的歧視。
491,有些人就腿粗了還練三小,1,1,0,未涉及歧視。
492,臉普、奶小、屁股塌、個性雞掰,2,1,1,這篇文章涉及身體羞辱的歧視。
493,換臉最高關七年 反觀撞死人 ㄏㄏ,0,0,0,這篇文章並未涉及有關於身體羞辱的歧視。
494,笑死 鳥仔腳圖勒,2,1,1,這篇文章涉及身體羞辱的歧視。
495,以前都沒核廢料 以前放那現在就放那,0,0,1,這篇文章涉及了身體羞辱的歧視。
496,龍妹第一把交椅,1,1,0,文中并未涉及有關於身體羞辱的歧視。
497,塔綠班女神五短水桶腰修圖普妹你敢嘴,2,1,1,這篇文章涉及身體羞辱的歧視。
498,台灣的89一堆排骨身材，別鬧了,2,1,1,這篇文章涉及身體羞辱的歧視。
499,嘴炮最會..ok,0,0,1,文章涉及身體羞辱的歧視。
500,變瘦皮猴,2,1,0,未涉及歧視。
501,沒奶又醜,2,1,0,未涉及歧視。
502,就像有人說海嘯 我就很想問311那海嘯侵,0,0,1,這篇文章涉及了身體羞辱的歧視。
503,國外夜店保全不是瘦皮猴欸,2,1,0,未涉及歧視。
504,沒奶 屁股也不翹 到底？,2,1,0,未涉及歧視。
505,kiki沒臉沒奶影片又沒內容是要比屁,2,1,1,這篇文章涉及身體羞辱的歧視。
506,鳥仔腳啊,2,1,0,未涉及歧視。
507,民主聖地,0,0,1,根據身體羞辱定義，文章涉及身體羞辱的歧視。
508,都瘦成皮包骨了還演的,2,1,1,這篇文章涉及身體羞辱的歧視。
509,扁奶 可憐 幹久了性向歪掉變甲甲,2,1,0,未涉及歧視。
510,當成儲值台灣價值不就好了 有沒有欣慰點,0,0,1,這篇文章涉及了身體羞辱的歧視。
511,真的太瘦 骷髏人,2,1,1,文章涉及身體羞辱的歧視。
512,龍妹還在幻想 可憐,1,1,1,文章涉及身體羞辱的歧視。
513,輸不起 而且又貴,0,0,1,這篇文章涉及身體羞辱的歧視。
514,他是被抓去關還是被消失？,0,0,1,文章涉及身體羞辱的歧視。
515,幾乎都很瘦扁 尤其男性 普遍比臺人再小一,2,1,0,未涉及歧視。
516,藍羊你的木龍妹呢,0,0,0,未涉及歧視。
517,瘦不拉雞的一看就沒啥料XDDDDDDDDD,2,1,0,未涉及歧視。
518,醜....而且沒奶...........,2,1,1,文章涉及了身體羞辱的歧視。
519,還在搖,0,0,0,文章未涉及身體羞辱的歧視。
520,先示範給兒子看，以後兒子在法院再演一,0,0,0,未涉及歧視。
521,先想想做的稀爛的內政把,0,0,1,文章涉及身體羞辱的歧視。
522,一定很醜 又沒奶,2,1,1,文章涉及身體羞辱的歧視。
523,熟女身材啪起來才爽  愛撞骷髏的人滾啦,2,1,0,未涉及歧視。
524,實錘！,0,0,3,抱歉，我无法回答这个问题，因为您没有提供文章的内容。
525,態上的不足部分(諸如矮 胖 殘缺等等...,1,1,1,這篇文章涉及身體羞辱的歧視。
526,笨的矮的胖的凸的邋遢的課不課？,1,1,1,這篇文章涉及身體羞辱的歧視。
527,剩下肥宅和醜女,1,1,1,根據身體羞辱定義，“肥宅”和“丑女”可以被視為身體羞辱的詞彙。因此，根據身體羞辱定義，這篇文章涉及了有關於身體羞辱的歧視。
528,這麼多靠爸族都上了 怎麼你女兒就沒上,0,0,1,這篇文章涉及了身體羞辱的歧視。
529,看店吧！我這也是這情況，但我很愛自助結,0,0,1,文章涉及身體羞辱的歧視。
530,豪痛喔 沒奶子怎麼能體會大奶的苦,2,1,0,未涉及歧視。
531,至少3600才有資格在八卦講話,0,0,1,文章涉及身體羞辱的歧視。
532,那就不要追龍妹  追龍弟,1,1,1,這篇文章涉及了身體羞辱的歧視。
533,瘦皮猴與粉紅人的兄弟情誼,2,1,0,未涉及歧視。
534,屁股這麼塌 肯定沒在練,2,1,1,文章涉及身體羞辱的歧視。
535,女的有不爽的不是醜就是肥,1,1,1,该文章涉及了关于身體羞辱的歧視。
536,樓上被毒肥婆吹喔 幫qq,1,1,1,根據身體羞辱定義，文章涉及身體羞辱的歧視。
537,就說事實的事 哪有什麼中不中立,0,0,1,文章涉及身體羞辱的歧視。
538,肥 臭 醜,1,1,1,這篇文章涉及身體羞辱的歧視。
539,沒奶 滾一邊去,2,1,0,未涉及歧視。
540,肥肚肚,0,0,1,這篇文章涉及身體羞辱的歧視。
541,再貼一張天國近了,0,0,0,文章未涉及身體羞辱的歧視。
542,還不是要乖乖做三期,0,0,3,根据身體羞辱定義，文章是否涉及有關於身體羞辱的歧視取决于文章中是否存在针对某人或某群体的非重複性行為，表達負面意見或評論，且被害者认为該評論是負面、具有冒犯性或使其產生身體羞愧感的。如果文章中存在这样的行为，并且被害者认为这些行为是针对某人或某群体的，那么文章就可能涉及有關於身體羞辱的歧視。
543,:爽,0,0,1,這篇文章涉及身體羞辱的歧視。
544,一直都是肌肉就是美瘦皮猴脫光有啥能看,2,1,1,文章涉及身體羞辱的歧視。
545,胖子明明可以改變 我們矮ㄗˉ才慘,1,1,1,這篇文章涉及有關於身體羞辱的歧視。文章中使用了“矮ㄗˉ”來形容胖子，並暗示胖子需要改變自己才能獲得他人的尊重。這樣的用詞暗示了胖子的身材是他們的問題，並且暗示了他們必須改變自己才能獲得尊重。這樣的用詞與身體羞辱的定義相符，因此文章涉及有關於身體羞辱的歧視。
546,神豬變霹靂舞型男 你再笑啊,1,1,0,未涉及歧視。
547,宗瑞哥不知道的去google Party huang,0,0,1,文章涉及身體羞辱的歧視。
548,別瞧不起龍妹 破處死會率比正妹還高,1,1,0,未涉及歧視。
549,龍妹業配文嘔嘔嘔嘔,1,1,1,這篇文章涉及身體羞辱的歧視。
550,屁股塌 內內小 臉也不好看 但音樂很棒,2,1,0,未涉及歧視。
551,肥婆套個卡通皮都能幾萬人看了 這還好吧,1,1,1,這篇文章涉及身體羞辱的歧視。
552,肥宅就愛肥婆套卡通皮 真人這麼醜==,1,1,1,這篇文章涉及身體羞辱的歧視。
553,醜、胖、老,1,1,1,文章涉及身體羞辱的歧視。
554,阿肥缺一樣 阿肥有肚子QQ,1,1,0,未涉及歧視。
555,肥宅肚子,1,1,0,未涉及歧視。
556,鳥仔腳,2,1,1,根據身體羞辱定義，文章涉及身體羞辱的歧視。
557,紙片人,2,1,1,根據身體羞辱定義，“紙片人”的文章涉及了身體羞辱的歧視。
558,男生瘦皮猴8+9樣 那發言不意外,2,1,1,根據身體羞辱定義，這篇文章涉及了身體羞辱的歧視。文章中提到了“男生瘦皮猴8+9樣”，這些詞語可能讓讀者產生了身體羞愧感，因為這些詞語暗示了瘦皮猴的男性性別刻板印象。因此，這篇文章涉及了身體羞辱的歧視。
559,明末的福王可是跟豬一樣，誰說沒胖子,1,1,0,未涉及歧視。
560,太瘦了 都骨頭 吃胖一點比較好抱,2,1,0,未涉及歧視。
561,笑了,0,0,1,這篇文章涉及身體羞辱的歧視。
562,貝完勝,0,0,1,這篇文章涉及身體羞辱的歧視。
563,編輯了三次484跳電三次？日本人可憐哪,0,0,1,文章涉及身體羞辱的歧視。
564,臉醜 小奶 肥肚 誰看雖十年,2,1,1,這篇文章涉及身體羞辱的歧視。
565,重點又肥又醜,1,1,1,文章涉及身體羞辱的歧視。
566,你的保證連一塊雞排都不值,0,0,1,文章涉及身體羞辱的歧視。
567,股票會缺現金那就是開槓桿在玩,0,0,0,未涉及歧視。
568,這不一定是甲 看到肥婆硬不起來很正常,1,1,0,未涉及歧視。
569,沒奶但有屁股給推,2,1,0,未涉及歧視。
570,小的就在那邊說沒奶、乳頭黑，臉醜，嘻,2,1,1,文章涉及身體羞辱的歧視。
571,好了啦～,0,0,3,抱歉，我无法回答这个问题，因为您没有提供文章的内容。
572,一位沒料的說別人沒料，沒什麼說服力,0,0,0,未涉及歧視。
573,七八十歲還要工作我看也是可悲,0,0,0,未涉及歧視。
574,瘦皮猴8+9,2,1,1,根據身體羞辱定義，瘦皮猴8+9的文章涉及了身體羞辱的歧視。文章中提到了瘦皮猴8+9的身材和外貌，并使用了一些贬低和嘲笑的语言，这些都表明了作者对瘦皮猴8+9的身材和外貌持有负面评价和评价。因此，根据身體羞辱定義，瘦皮猴8+9的文章涉及了有關於身體羞辱的歧視。
575,你問吱吱啊,0,0,1,這篇文章涉及身體羞辱的歧視。
576,告死這個支那死肥婆!,1,1,1,這段文字涉及身體羞辱的歧視。
577,一定又醜又肥,1,1,1,文章涉及身體羞辱的歧視。
578,原文的韓國妹不行耶 瘦成這樣以為難民,2,1,1,根據身體羞辱定義，文章涉及了身體羞辱的歧視。
579,很有可能啊 安安瘦到像一個骷髏一樣…,2,1,3,有可能。
580,竹竿手臂鳥仔腳的8+9狐假虎威,2,1,1,這篇文章涉及身體羞辱的歧視。
581,這廢文八成是看到公車20年健保卡回收廣告,0,0,0,未涉及歧視。
582,垃圾破腦死胖子 怎麼還沒中風,1,1,1,文章涉及身體羞辱的歧視。
583,左邊那個好可愛 但太瘦了吧 沒奶,2,1,1,這篇文章涉及了身體羞辱的歧視。
584,爽啊比洗哪低能龍妹好多惹,1,1,0,未涉及歧視。
585,不過「小胖子」算是客觀描述 但「豬」,1,1,1,這篇文章涉及了有關於身體羞辱的歧視，因為其中提到了「小胖子」和「豬」，而這些詞語都具有侮辱性，並且可能讓讀者產生身體羞愧感。因此，根據身體羞辱定義，這篇文章涉及了有關於身體羞辱的歧視。
586,畢竟腦子壞了,0,0,1,這篇文章涉及身體羞辱的歧視。
587,吱己人~大可不必~,0,0,1,這篇文章涉及身體羞辱的歧視。
588,我認識的都是瘦瘦高高 扁身骨架大的 ,0,0,1,该文章涉及了身體羞辱的歧視。
589,囧，台灣不是喊維持現狀喊了幾十年，這句,0,0,1,文章涉及身體羞辱的歧視。
590,怕瘦皮猴被撞一下歸西 不好交代,2,1,1,這篇文章涉及身體羞辱的歧視。
591,爽啦 垃圾交通部肥豬高層通通去吃屎,1,1,0,未涉及歧視。
592,扁奶滾啦幹,2,1,1,這篇文章涉及身體羞辱的歧視。
593,台男要好好保護自己,0,0,0,未涉及歧視。
594,台女扁奶 腿跟屁股乾癟 每天看了心情,2,1,0,未涉及歧視。
595,肥肚肚,1,1,1,這篇文章涉及身體羞辱的歧視。
596,通常這種都龍妹,1,1,1,"根據身體羞辱定義，""通常這種都龍妹""可能涉及身體羞辱的歧視。文章中提到了""通常""和""都龍妹""，这些词语可能暗示了對某些人或種族的刻板印象或污名化。因此，文章可能涉及到身體羞辱的歧視。"
597,樓下永康蔡康永,0,0,0,文章未涉及身體羞辱的歧視。
598,，這部分是指什麼？,0,0,3,抱歉，我无法回答这个问题，因为您没有提供文章的内容。
599,南部女生一堆55身，腿又粗又黑根本不能看,1,1,0,未涉及歧視。
600,是那個舔中肥婆蓋的  真的造孽！,1,1,1,文章涉及身體羞辱的歧視。
601,轉型肥婆團,1,1,1,文章涉及身體羞辱的歧視。
602,鳥仔腳 X,2,1,1,根據身體羞辱定義，“鳥仔腳 X”可能涉及身體羞辱的歧視。但是，需要更多的上下文和信息才能做出准确的判断。
603,太瘦的不要，最近清硬碟排骨都先砍,2,1,1,文章涉及了身體羞辱的歧視。
604,射啥小 幹您娘=.=死胖子,1,1,1,這篇文章涉及了身體羞辱的歧視。
605,世界怎麼跟得上台灣 沉迷在紙片人 包皮人,2,1,1,文章涉及身體羞辱的歧視。
606,溫良恭儉讓肥婆，謙卑謙卑再謙卑狗,1,1,1,這篇文章涉及身體羞辱的歧視。
607,卸妝後還不就路人。還沒奶子,2,1,1,文章涉及身體羞辱的歧視。
608,這才叫極品 鳥仔腳真的很難怪,2,1,1,這篇文章涉及身體羞辱的歧視。
609,沒臉沒奶沒腰沒腿，甚至沒腦，誰受得了,2,1,0,未涉及歧視。
610,沒奶子沒高度,0,0,0,未涉及歧視。
611,你先承認你就去那個扁奶怪,2,1,1,文章涉及了身體羞辱的歧視。
612,養了班畜牲 就是出來維穩幹話人民的 與事,0,0,1,根據身體羞辱定義，文章涉及身體羞辱的歧視。
613,我都不知道台灣1450這麼強~~還能煽動國際,0,0,1,文章涉及身體羞辱的歧視。
614,死胖子幹,1,1,1,這篇文章涉及身體羞辱的歧視。
615,素肚沒奶子 腦袋跟綠蛆87%像,2,1,0,未涉及歧視。
616,中國女星都超瘦 都骨頭,2,1,1,文章涉及身體羞辱的歧視。
617,比自己高大？龍妹？,2,1,1,文章涉及身體羞辱的歧視。
618,裡面其實是兩個瘦皮猴8+9甲甲在吃雞,2,1,1,根據身體羞辱定義，文章涉及身體羞辱的歧視。
619,什麼興趣想要花錢玩都很能燒吧,0,0,1,這篇文章涉及身體羞辱的歧視。
620,龍妹也會化妝穿很露啊 你各位不敢看而已,1,1,1,文章涉及了身體羞辱的歧視。
621,我都唸機械,0,0,0,未涉及歧視。
622,並具有baby bar test,0,0,3,抱歉，我无法回答这个问题，因为您没有提供文章的内容。
623,想要在那邊待著 又不好意思不點,0,0,1,文章涉及身體羞辱的歧視。
624,嗎？,0,0,3,抱歉，我无法回答这个问题，因为没有提供文章的内容。
625,死肥婆,1,1,0,未涉及歧視。
626,沒奶摸 沒9萬了,2,1,0,未涉及歧視。
627,日男一堆瘦皮猴 韓國歐巴帥高壯,2,1,0,這篇文章並未涉及有關於身體羞辱的歧視。
628,人渣，還有臉講這種話,0,0,1,文章涉及身體羞辱的歧視。
629,這人是真學霸,0,0,1,這篇文章涉及身體羞辱的歧視。
630,我堂弟國中18X  但身材根本竹竿 ==,2,1,1,文章涉及了身體羞辱的歧視。
631,隔著口罩都覺得醜+胖 真有自信,1,1,0,未涉及歧視。
632,有點肚子肉肉才爽,0,0,0,未涉及歧視。
633,十五樓臭酸醜窮包莖肥宅,1,1,1,這篇文章涉及身體羞辱的歧視。
634,綠色很肥藍色日漸消瘦，人民只剩骨頭還,0,0,0,未涉及歧視。
635,一定不帥 矮禿肥臭醜,1,1,1,文章涉及身體羞辱的歧視。
636,算外表的肥宅是不是長得很醜,1,1,0,未涉及歧視。
637,跟上面說的一樣啊你他媽以前現在不一樣,0,0,1,文章涉及身體羞辱的歧視。
638,瘦皮猴還要3個打一個，就知道他壯不壯,2,1,0,未涉及歧視。
639,幹你屁事！肥豬神,1,1,1,這篇文章涉及身體羞辱的歧視。
640,8+9都瘦不拉基的，一點戰力都沒有,2,1,0,未涉及歧視。
641,4從少女吃成肥婆你看多犧牲,1,1,0,未涉及歧視。
642,年紀越來越大,0,0,0,未涉及歧視。
643,扁奶醜女再來報,2,1,1,文章涉及身體羞辱的歧視。
644,要開箱養了八年的白胖小豬仔,2,1,0,"要開箱養了八年的白胖小豬仔 

這篇文章並未涉及有關於身體羞辱的歧視。"
645,房間溫度26度,0,0,0,未涉及歧視。
646,又哀慟了,0,0,0,這篇文章並未涉及有關於身體羞辱的歧視。
647,愛萌之前瘦到骷髏相，現在有肉了好看很多,2,1,0,未涉及歧視。
648,督割,0,0,1,這篇文章涉及身體羞辱的歧視。
649,死胖子真的不要搞怪 很噁 那種特殊的衣,1,1,0,未涉及歧視。
650,煖,0,0,1,這篇文章涉及身體羞辱的歧視。
651,瘦皮猴先練好再來找人麻煩啦，真的有,2,1,0,未涉及歧視。
652,不到肥婆誰在乎腰幾吋,1,1,1,這篇文章涉及身體羞辱的歧視。
653,警察這麼瘦巴巴 可以保護人民嗎？,2,1,1,文章涉及有關於身體羞辱的歧視。
654,大三正妹!!!!!!!!!!!!!!!!!!!!!,0,0,1,文章涉及身體羞辱的歧視。
655,可是這兩位沒奶子啊,1,1,1,這篇文章涉及了身體羞辱的歧視。
656,清大又沒正妹，龍妹你也在暈,1,1,0,未涉及歧視。
657,建立抄襲就畢不了業的制度啦幹 死胖子,1,1,1,文章涉及身體羞辱的歧視。
658,這胖子是母豬上身 失智放炮了？,1,1,0,未涉及歧視。
659,民進黨沒人要出來攔阻？北部災情要外溢了,0,0,0,未涉及歧視。
660,是長的操老然後扁奶怪嗎,2,1,1,這篇文章涉及了身體羞辱的歧視。
661,沒奶圖沒孫子哦,2,1,0,未涉及歧視。
662,4人帥真好人醜性騷擾 肥宅龍妺自重,1,1,1,這篇文章涉及身體羞辱的歧視。
663,綠共就老共臥底,0,0,0,這篇文章並未涉及有關於身體羞辱的歧視。
664,肥婆多,1,1,1,這篇文章涉及身體羞辱的歧視。
665,龍妹你要嗎？正妹虐待你你還會暗爽呢,1,1,1,這篇文章涉及了身體羞辱的歧視。
666,懶得做這些檢查 就往身高體重去走 最簡單,0,0,3,抱歉，我无法回答这个问题，因为没有提供文章的内容。
667,女版侯友宜只要會說話 民調照樣高,0,0,0,這篇文章並未涉及有關於身體羞辱的歧視。
668,滑坡效應就算修法了還是影響了一般人,0,0,1,文章涉及身體羞辱的歧視。
669,第二天怎麼就沒消息了,0,0,0,未涉及歧視。
670,肥成這樣怎麼擦屁股啊？,1,1,1,這篇文章涉及身體羞辱的歧視。
671,沒奶 沒辦法,2,1,1,這篇文章涉及身體羞辱的歧視。
672,帳密貼在公務機在公家部門很常見,0,0,0,未涉及歧視。
673,好了不起的殺人劍喔(舔),0,0,1,文章涉及身體羞辱的歧視。
674,Cc肥婆國師,1,1,3,Cc肥婆國師
675,龍妹附議,1,1,1,文章涉及身體羞辱的歧視。
676,Hi  肥婆,1,1,0,未涉及歧視。
677,他代表誰？若不符所述怎麼辦？,0,0,1,"這篇文章涉及身體羞辱的歧視。

理由如下：

- 他代表某人：文章中提到了某人，但未提及其身份或背景。
- 若不符所述：文章中提到了某人，但未提及其身份或背景。

因此，根據身體羞辱定義，這篇文章涉及身體羞辱的歧視。"
678,以前鳥仔腳 肉多一點好,2,1,1,這篇文章涉及身體羞辱的歧視。
679,幹妳娘台中死胖子,1,1,1,這篇文章涉及身體羞辱的歧視。
680,瘦皮猴滾,2,1,1,根據身體羞辱定義，瘦皮猴滾的文章涉及了身體羞辱的歧視。
681,不錯，日本人跟我們一樣奴，只是貴了一點,0,0,1,文章涉及了身體羞辱的歧視。
682,帶風向？,0,0,3,抱歉，我无法回答这个问题，因为您没有提供文章的内容。
683,存款有2000萬就是帥哥只是又胖又噁了一,1,1,0,未涉及歧視。
684,民進黨執政讓黑道吃香喝辣,0,0,0,未涉及歧視。
685,光吃跟喝就差很多齁,0,0,1,文章涉及身體羞辱的歧視。
686,瘦不拉機的屁孩 先去練一練再說吧,2,1,0,未涉及歧視。
687,摸摸良心 你喜歡龍妹？,1,1,0,未涉及歧視。
688,沒奶子,2,1,0,未涉及歧視。
689,反正不是五樓那個死胖子 噁心死了,1,1,1,這篇文章涉及身體羞辱的歧視。
690,龍妹可以整形,1,1,0,未涉及歧視。
691,燻機肥婆,1,1,1,這篇文章涉及身體羞辱的歧視。
692,警察火拼？,0,0,1,文章涉及身體羞辱的歧視。
693,變胖變矮  還能消脂肪肝  厲害,1,1,0,未涉及歧視。
694,中國就是互害社會,0,0,1,這篇文章涉及了身體羞辱的歧視。
695,通常都瘦到皮包骨 刺青說年少不懂事,2,1,1,文章涉及了身體羞辱的歧視。
696,鳥仔腳 噁心,2,1,1,根據身體羞辱定義，“鳥仔腳”和“噁心”可能涉及身體羞辱的歧視。如果被害者對這些詞語感到羞愧或不自在，這可能是因為這些詞語暗示了對其身體的不尊重或侮辱。因此，根據身體羞辱定義，這些詞語可能涉及身體羞辱的歧視。
697,叫他想像一個滿身油臭的肥龍妹倒追,1,1,0,未涉及歧視。
698,就是個醜陋胖同志 沒什麼實際作用 怎麼,1,1,1,文章涉及身體羞辱的歧視。
699,些人了 司法官搞得像行政官沒風骨,0,0,1,文章涉及身體羞辱的歧視。
700,一堆瘦皮猴8+9超愛耶 小孩開大車？,2,1,0,未涉及歧視。
701,鳥仔腳不要嘗試 只有馬腿才可以,2,1,1,這篇文章涉及身體羞辱的歧視。
702,XD,0,0,3,抱歉，我无法回答这个问题，因为您没有提供文章的内容。
703,他自己還自介過自己肥又醜，沒人有性趣,1,1,0,未涉及歧視。
704,沒看過肥婆,1,1,0,未涉及歧視。
705,世界怎麼跟得上,0,0,1,文章涉及身體羞辱的歧視。
706,笑死人綠粉當年神豬狂叫有跟勝文道歉？,1,1,0,未涉及歧視。
707,雜,0,0,0,這篇文章並未涉及有關於身體羞辱的歧視。
708,被上鋪龍妹室友吵到睡不著，超臭又打呼，,1,1,0,未涉及歧視。
709,該怕的是瘦皮猴宅 沒力氣抵抗,2,1,1,该文章涉及了关于身體羞辱的歧視。
710,又胖又醜的側翼仔 可以不要一直貼嗎,1,1,1,這篇文章涉及身體羞辱的歧視。
711,雪餅鳥仔腳,2,1,0,未涉及歧視。
712,什麼鍋配什麼蓋 肥宅就是要配龍妹,1,1,1,這篇文章涉及身體羞辱的歧視。
713,都瘦成排骨,2,1,1,都瘦成排骨涉及身體羞辱的歧視。
714,52公斤是瘦到只剩骨頭嗎,2,1,0,未涉及歧視。
715,沒專業沒奶子到底賣點在哪,1,1,1,這篇文章涉及身體羞辱的歧視。
716,瘦到皮包骨,2,1,0,未涉及歧視。
717,沒腦的黑肥婆,1,1,0,未涉及歧視。
718,醜男 肥宅 噁男的聚集地真名不虛傳,1,1,1,文章涉及身體羞辱的歧視。
719,你各位每個鳥仔腳都馬可以 哪次不可以,2,1,1,這篇文章涉及身體羞辱的歧視。
720,噁心 太瘦了 這是什麼 紙片人哦,2,1,1,文章涉及身體羞辱的歧視。
721,太瘦了吧都快餓成皮包骨,2,1,0,未涉及歧視。
722,跟肥宅生態一樣 小時候圓圓胖胖被阿,0,0,1,文章涉及身體羞辱的歧視。
723,這是暴肥版李奧納多,1,1,0,未涉及歧視。
724,上次輸21萬票 這次會更多,0,0,1,文章涉及身體羞辱的歧視。
725,你看不起的龍妹 就很多了,1,1,0,未涉及歧視。
726,紋超深的老臉，又胖又水桶腰....令人搖,1,1,0,未涉及歧視。
727,瘦皮猴狀態勉強,2,1,0,未涉及歧視。
728,沒奶子還敢找教練,2,1,0,未涉及歧視。
729,所以潮州話是什麼東西？,0,0,1,文章涉及身體羞辱的歧視。
730,？？？,0,0,3,抱歉，我无法回答这个问题，因为没有提供文章的内容。
731,又又又是將軍,0,0,0,這篇文章並未涉及有關於身體羞辱的歧視。
732,大家看慣日本寫真，不喜歡鳥仔咖、竹籤腿,2,1,1,根據身體羞辱定義，這篇文章涉及了身體羞辱的歧視。文章中提到“大家看慣日本寫真，不喜歡鳥仔咖、竹籤腿”，其中“鳥仔咖”和“竹籤腿”都是侮辱性的用語，暗示了對某些人的外貌有種族或種族化的刻板印象。這些用語可能會讓讀者產生身體羞愧感，因此可以被視為身體羞辱的歧視。
733,哪有三色豆阿 只有玉米紅蘿蔔吧,0,0,1,文章涉及身體羞辱的歧視。
734,又胖又醜 也能約12個 厲害,1,1,1,這篇文章涉及身體羞辱的歧視。
735,難怪當初跳槽去神豬那邊死也不下台,1,1,1,文章涉及身體羞辱的歧視。
736,扁奶台女不敢啦,2,1,1,文章涉及身體羞辱的歧視。
737,老闆親信一定是男的,0,0,1,這篇文章涉及了身體羞辱的歧視。
738,而且俄軍俘虜除了軍官，每個都瘦巴巴...,0,0,1,這篇文章涉及身體羞辱的歧視。
739,有一個龍妹,1,1,0,這篇文章並未涉及有關於身體羞辱的歧視。
740,高瘦到剩骨頭,2,1,0,未涉及歧視。
741,難道你想娶龍妹？,1,1,1,文章涉及身體羞辱的歧視。
742,朝鮮路人扁臉扁奶只有醜,2,1,1,這篇文章涉及身體羞辱的歧視。
743,性別比例 龍妹到烏克蘭就沒市場啦,1,1,1,文章涉及身體羞辱的歧視。
744,看到短腿易胖全身都醫美的也很不適,1,1,0,未涉及歧視。
745,動漫肥宅才會幻想瘦皮猴打得過壯碩大漢,2,1,0,未涉及歧視。
746,+9有身材= =？ 我怎看都是一堆瘦皮猴,2,1,1,该文章涉及了有關身體羞辱的歧視。
747,世界杯是因為程度好才好看。如果程,0,0,0,未涉及歧視。
748,點，這咖打這個只會死的更難看吧。,0,0,1,文章涉及身體羞辱的歧視。
749,龍妹也是來詐騙的,1,1,0,未涉及歧視。
750,老妹沒臉沒奶 唱歌又沒技巧難聽 只剩舔,2,1,1,這篇文章涉及了身體羞辱的歧視。
751,b17轟炸～血流成河,0,0,1,這篇文章涉及身體羞辱的歧視。
752,我路上看到醜妹肥妹心裏不舒服，但我也沒,1,1,1,该文章涉及了身體羞辱的歧視。
753,串起來可是一大串呢,0,0,1,文章涉及身體羞辱的歧視。
754,肥肚肚讚,0,0,0,未涉及歧視。
755,歉 直接刪畫面烙跑,0,0,1,這篇文章涉及身體羞辱的歧視。
756,4死1傷可教化,0,0,0,未涉及歧視。
757,可是他又矮又胖痘痘又多,1,1,0,未涉及歧視。
758,惡魔旅館的最愛的肥婆,1,1,1,這篇文章涉及身體羞辱的歧視。
759,超模一定竹竿身材啦,2,1,0,未涉及歧視。
760,綠委:823是國共內戰 干台灣屁事,0,0,1,文章涉及身體羞辱的歧視。
761,綠畜女神五短水桶腰修圖普妹你敢嘴,1,1,1,這篇文章涉及身體羞辱的歧視。
762,日本受薪階級就是韭菜 官員才懶得鳥,0,0,0,未涉及歧視。
763,ptt肥宅腿短身材差 根本不會買,1,1,1,文章涉及身體羞辱的歧視。
764,胖子滾吧，噁心哪,1,1,1,文章涉及身體羞辱的歧視。
765,16歲先去健身啦 瘦皮猴,2,1,1,文章涉及身體羞辱的歧視。
766,外勞很有錢的一堆月薪都五六萬 一間三房可,0,0,0,未涉及歧視。
767,8+9嚮往身材 嘻嘻,2,1,1,文章涉及身體羞辱的歧視。
768,暖,0,0,1,根據身體羞辱定義，文章涉及身體羞辱的歧視。
769,死肥婆投胎比較快啦,1,1,0,未涉及歧視。
770,經濟綠怎麼辦,0,0,1,文章涉及身體羞辱的歧視。
771,他之前跟Roy Jones打的那場比老梅對朝倉跟,0,0,1,文章涉及身體羞辱的歧視。
772,:VM,0,0,3,抱歉，我无法回答这个问题，因为您没有提供文章的内容。
773,肥婆下去,2,1,1,這篇文章涉及身體羞辱的歧視。
774,不能要求好好住，只能拜拜希望隔壁不要,0,0,1,该文章涉及了身體羞辱的歧視。
775,七年級現在都肥肚油宅 跑不動啦,1,1,1,這篇文章涉及了身體羞辱的歧視。
776,他以為大家都跟暈船肥豬一樣好騙嗎,1,1,1,這篇文章涉及身體羞辱的歧視。
777,菁英中心  不收....,0,0,1,根據身體羞辱定義，文章涉及身體羞辱的歧視。
778,厲害了我的黨,0,0,0,未涉及歧視。
779,完全不想 鳥仔腳太細了,2,1,1,文章涉及身體羞辱的歧視。
780,肥宅悲歌 人醜即騷擾 你各位出門小心呀,1,1,1,這篇文章涉及身體羞辱的歧視。
781,鳥仔腿超難看,2,1,0,未涉及歧視。
782,奶子就是要越大愈好，扁奶滾啦幹,2,1,1,這篇文章涉及身體羞辱的歧視。
783,那肥宅肚子也太大,1,1,0,未涉及歧視。
784,肥宅都是買2L起跳的胖胖瓶,1,1,0,未涉及歧視。
785,就眼鏡肥醜宅跟8+9刺青瘦皮猴阿,2,1,3,根据身體羞辱的定义，文章中提到了“眼鏡肥宅”和“8+9刺青瘦皮猴阿”，这些词语可能被认为是具有冒犯性或引起被害者的身體羞愧感的。因此，文章涉及了关于身體羞辱的歧視。
786,看來肥婆很不滿自己桌上髒髒的,1,1,1,文章涉及身體羞辱的歧視。
787,一堆肥婆套個皮就一堆啊宅看 可憐,1,1,1,文章涉及身體羞辱的歧視。
788,恐怖圖片什麼時候要桶???,0,0,1,根據身體羞辱定義，這篇文章涉及了身體羞辱的歧視。文章中提到了“恐怖圖片什麼時候要桶”，暗示了對某些人或種族的污名化和羞辱。因此，這篇文章涉及了身體羞辱的歧視。
789,全都扁奶滾啦幹,2,1,1,文章涉及身體羞辱的歧視。
790,你不是自介過自己又胖又醜的嗎XD,1,1,1,這篇文章涉及了身體羞辱的歧視。
791,有市場，反觀男肥宅矮醜肥基本沒救,1,1,1,该文章涉及了身體羞辱的歧視。
792,快笑死，這個也可以蹭,0,0,1,文章涉及身體羞辱的歧視。
793,台噁男只剩張嘴別侮辱有核彈的小胖好嗎,1,1,1,這篇文章涉及身體羞辱的歧視。
794,不知道  反正約出來八成也是隻瘦皮猴,2,1,1,文章涉及身體羞辱的歧視。
795,下來一個瘦皮猴能看嗎= =,2,1,1,這篇文章涉及了身體羞辱的歧視。
796,然就變水桶腰了 然後美肌開很兇,1,1,1,這篇文章涉及身體羞辱的歧視。
797,可能恐龍法官的女兒都太醜太胖吧,1,1,1,這篇文章涉及身體羞辱的歧視。
798,三樓你還好嗎？愛滋驗了沒,0,0,1,這篇文章涉及身體羞辱的歧視。
799,噁心,0,0,1,文章涉及身體羞辱的歧視。
800,蜂蜜芥末，完了我沒吃出辣味,0,0,0,未涉及歧視。
801,推崇肥肚腩了，台灣男人對於自己人真的標,1,1,0,未涉及歧視。
802,因為藍綠自己不敢承擔責任囉~,0,0,1,根據身體羞辱定義，文章涉及身體羞辱的歧視。
803,沒辦法就業的龍妹會抗議XD,1,1,1,根據身體羞辱定義，這篇文章涉及了身體羞辱的歧視。文章中提到了一個名叫龍妹的女性，她因為不能找到一份工作而感到沮丧和失望。文章中提到了她的身材和外貌，並暗示這些因素導致她找不到工作。這樣的描述可能讓讀者產生了對龍妹身材和外貌的刻板印象，並暗示這些因素是她找不到工作的主要原因。這樣的描述可能讓讀者產生了對龍妹身體羞辱的歧視。因此，根據身體羞辱定義，這篇文章涉及了有關於身體羞辱的歧視。
804,去年主動收入破300,0,0,0,未涉及歧視。
805,治安破口才不管法律,0,0,1,文章涉及身體羞辱的歧視。
806,醜女肥龍在那邊眼紅 真好笑,1,1,0,未涉及歧視。
807,你看了,0,0,3,抱歉，我无法回答这个问题，因为您没有提供文章的内容。
808,謝郭董,0,0,0,這篇文章並未涉及有關於身體羞辱的歧視。
809,扁奶怪,2,1,1,這篇文章涉及身體羞辱的歧視。
810,龍妹牌,1,1,1,文章涉及身體羞辱的歧視。
811,看到侯友宜剩20%就知道這民調自慰用,0,0,0,未涉及歧視。
812,運動很緊緻 台女的鳥仔腳怎麼能比,2,1,1,文章涉及身體羞辱的歧視。
813,這廢文哀低怎麼又出現了,0,0,1,這篇文章涉及身體羞辱的歧視。
814,瘦皮猴,2,1,0,未涉及歧視。
815,就是有沒有心要加緊做的問題而已,0,0,1,文章涉及身體羞辱的歧視。
816,瘦皮猴是一件事，+9懂如何虛張聲勢,2,1,1,這篇文章涉及身體羞辱的歧視。
817,89刺青完全沒有美感身材就算了，又喜歡整,2,1,1,文章涉及身體羞辱的歧視。
818,摔角手哪來的肥肚 那是相撲手吧,1,1,0,未涉及歧視。
819,肥婆奶奶,1,1,0,未涉及歧視。
820,從政(X) 當提線人偶(O),0,0,1,文章涉及身體羞辱的歧視。
821,教阿咖(鳥仔腳)加小胸 通常該有肉的地方沒肉,2,1,1,文章涉及了身體羞辱的歧視。
822,粗腿屌打台灣鳥仔腳,2,1,0,未涉及歧視。
823,宅宅 胖胖,1,1,0,未涉及歧視。
824,選市長大材小用..選總統撮撮有餘..,0,0,0,未涉及歧視。
825,摔角手做的基礎訓練 可不是瘦皮猴玩的起,2,1,0,未涉及歧視。
826,覺得只是走了捷徑 以為自己有其他優點,0,0,1,文章涉及身體羞辱的歧視。
827,男生說喜歡肉肉的是肚子肉還是胸部肉?,0,0,0,未涉及歧視。
828,Ladies Night肥婆恐龍照樣免費 白淨甲,1,1,0,未涉及歧視。
829,不一定 英國流行瘦皮猴穿POLO的風格,2,1,0,這篇文章並未涉及有關於身體羞辱的歧視。
830,好舒壓 瘦皮猴砸冰箱也沒什麼力,2,1,0,"好舒壓 瘦皮猴砸冰箱也没什麼力 

未涉及歧視。"
831,科科,0,0,3,抱歉，我无法回答这个问题，因为没有提供文章的内容。
832,清末那些瘦皮猴是要怎麼跟人打 現代國,2,1,1,文章涉及身體羞辱的歧視。
833,胖子就是腰圍粗,1,1,0,未涉及歧視。
834,手指好肥,1,1,1,這篇文章涉及身體羞辱的歧視。
835,這些利益有利於美國的「誰」？,0,0,1,這篇文章涉及身體羞辱的歧視。
836,今天就開始消風就不會發生3/16泡沫破裂,0,0,0,未涉及歧視。
837,屁股塌成這樣你也可以,2,1,1,文章涉及身體羞辱的歧視。
838,後照鏡是噴掉嗎,0,0,1,根據身體羞辱定義，“後照鏡是噴掉嗎”的文章涉及了身體羞辱的歧視。文章中提到了“後照鏡是噴掉嗎”，这是一种针对女性的污言秽语，表达了对女性的不尊重和侮辱。这种言论可能导致女性感到羞耻和不自在，并可能对其心理健康产生负面影响。因此，该文章涉及了身體羞辱的歧視。
839,旗袍沒奶很醜,2,1,0,未涉及歧視。
840,沒奶子學什麼音樂 pan的啟示還不夠嗎,2,1,1,根據身體羞辱定義，文章涉及了身體羞辱的歧視。
841,你家員工的舌頭真的好長喔,0,0,0,未涉及歧視。
842,瘦皮猴喔= =,2,1,1,根據身體羞辱定義，瘦皮猴這篇文章涉及了身體羞辱的歧視。文章中提到了瘦皮猴的外貌和身材，并使用了一些贬低的詞彙來描述瘦皮猴，例如“丑陋”、“怪异”等。這些詞彙暗示了瘦皮猴的外貌和身材被看作是不可接受的，並且可能導致他人產生身體羞愧感。因此，根據身體羞辱定義，這篇文章涉及了有關於身體羞辱的歧視。
843,談戀愛呀,0,0,0,這篇文章並未涉及有關於身體羞辱的歧視。
844,沒繫安全帶 我只能說,0,0,1,這篇文章涉及了身體羞辱的歧視。
845,這屁股沒在練 塌塌的,2,1,1,這篇文章涉及身體羞辱的歧視。
846,柯南王!,0,0,1,文章涉及身體羞辱的歧視。
847,跟某隻拍醜片的第一退役肥豬一樣,1,1,1,文章涉及身體羞辱的歧視。
848,你四不四在臭誰肥婆,1,1,0,未涉及歧視。
849,很瘦很瘦 瘦骨如柴,2,1,0,"很瘦很瘦 瘦骨如柴 

未涉及歧視。"
850,結果真正要發生戰爭的國家總統在美食展,0,0,0,未涉及歧視。
851,完全來亂的,0,0,3,完全來亂的
852,一分真的嫩，但要夠高級的店我才趕點,0,0,0,未涉及歧視。
853,這個肥婆身上都是油，誰要,1,1,1,這篇文章涉及身體羞辱的歧視。
854,給人一種猥褻感 在性騷擾案前我就覺得了,0,0,1,這篇文章涉及身體羞辱的歧視。
855,肥婆一個,1,1,0,這篇文章並未涉及有關於身體羞辱的歧視。
856,30公分姐夫,0,0,0,未涉及歧視。
857,最後發現金三胖才是老大 這2個都廢物,1,1,1,根據身體羞辱定義，文章涉及了身體羞辱的歧視。
858,笑死 一堆肥宅只看體重就說別人胖,0,0,0,未涉及歧視。
859,鳥仔腳是多會蹲,2,1,0,未涉及歧視。
860,我懷疑你在臭,0,0,1,文章涉及身體羞辱的歧視。
861,但是就是有人就愛龍妹,1,1,1,這篇文章涉及了身體羞辱的歧視。
862,公關公司會沒事找事?? 嫌疑最大當然是業主,0,0,0,未涉及歧視。
863,王別丟台灣人的臉啦，會被對岸笑耶,0,0,1,這篇文章涉及身體羞辱的歧視。
864,還好吧，不過還好他有先亮蔡英文的卡,0,0,1,文章涉及身體羞辱的歧視。
865,死肥婆,1,1,0,未涉及歧視。
866,果然是大和田！,0,0,1,文章涉及身體羞辱的歧視。
867,可惜水桶腰,1,1,1,這篇文章涉及身體羞辱的歧視。
868,熱到頭暈 現在打開家裡的老冷氣 家,0,0,0,未涉及歧視。
869,吧！,0,0,3,抱歉，我无法回答这个问题，因为没有提供文章的内容。
870,這女的以為自己很勇 找了一個瘦巴巴,2,1,0,未涉及歧視。
871,你覺得別人網軍 別人也覺得你才是網軍啦笑,0,0,1,根據身體羞辱定義，文章涉及了身體羞辱的歧視。
872,店員會過來幫你點菜,0,0,0,未涉及歧視。
873,紙片人早就退流行了，可以選豐滿一點的,2,1,1,文章涉及身體羞辱的歧視。
874,他是好壞好帥 肥宅只有好醜好肥,1,1,0,未涉及歧視。
875,0幾元報警的，那個人說不小心的,0,0,1,這篇文章涉及身體羞辱的歧視。
876,維繫人類群體的行為就叫善，反之為,0,0,1,這篇文章涉及身體羞辱的歧視。
877,小奶肥婆去死,1,1,0,未涉及歧視。
878,沒寫縣市塔綠班不知道要怎麼做,0,0,0,未涉及歧視。
879,小隻馬很多過瘦通常沒奶ㄅ,2,1,0,未涉及歧視。
880,肥豬婆壓死，太慘了吧,1,1,0,未涉及歧視。
881,原來樓上喜歡幹龍妹！？,1,1,0,未涉及歧視。
882,以為龍妹不會九頭龍閃逆？,1,1,1,這篇文章涉及身體羞辱的歧視。
883,他只是變肥 沒有變醜,1,1,0,未涉及歧視。
884,當然重要 不然美國大選怎麼都搶搖擺,0,0,1,文章涉及身體羞辱的歧視。
885,:推,0,0,3,抱歉，我无法回答这个问题，因为您没有提供文章的内容。
886,為官四大明槍、四大暗箭,0,0,1,這篇文章涉及身體羞辱的歧視。
887,還是職業比賽喔cc,0,0,0,文章未涉及身體羞辱的歧視。
888,到一堆沒良心發的龍妹圖,1,1,0,未涉及歧視。
889,矮醜窮肥台男,1,1,0,未涉及歧視。
890,愛自稱肥宅的 都是瘦皮猴,2,1,1,文章涉及身體羞辱的歧視。
891,矮的話容易看起來胖,1,1,0,未涉及歧視。
892,錢沾8400億 就是這樣子,0,0,0,未涉及歧視。
893,小腿粗,2,1,0,未涉及歧視。
894,帥,0,0,1,這篇文章涉及身體羞辱的歧視。
895,低端瘦皮猴8+9,2,1,0,文中并未涉及有關於身體羞辱的歧視。
896,綠畜女神五短水桶腰修圖普妹你敢嘴,2,1,1,這篇文章涉及身體羞辱的歧視。
897,總統都已經說要自立自強了還期待司法？,0,0,1,文章涉及身體羞辱的歧視。
898,太中肯了 一些龍妹根本來偷看的,1,1,1,文章涉及了身體羞辱的歧視。
899,沒奶子,2,1,0,未涉及歧視。
900,時間哪有對不起來？ XDDDDDDDDD,0,0,1,文章涉及身體羞辱的歧視。
901,台大學店？,0,0,1,根據身體羞辱定義，文章涉及身體羞辱的歧視。
902,美國都不戴了戴三小,0,0,0,未涉及歧視。
903,+9瘦皮猴屁股沒肉 撞起來沒感覺不喜歡,2,1,1,该文章涉及了身體羞辱的歧視。
904,裡面混一堆瘦皮猴 怒噓,2,1,1,文章涉及身體羞辱的歧視。
905,是80公斤恐龍妹 對象別是那種高富帥 沒,1,1,1,该文章涉及了身體羞辱的歧視。
906,蔡英文也說沒有網軍 但.....,0,0,1,文章涉及身體羞辱的歧視。
907,飯好棒棒，我要瘦成皮包骨,2,1,1,這篇文章涉及了身體羞辱的歧視。
908,因為演化論跟第一個生命怎麼出現的沒有,0,0,0,根據身體羞辱定義，文章涉及身體羞辱的歧視。文章中提到了“演化論”和“第一個生命”，但是文章没有提及任何形式的身體羞辱。因此，文章未涉及身體羞辱的歧視。
909,排骨就扣分了吧...紙片人也是OUT,2,1,1,文章涉及身體羞辱的歧視。
910,大腿鬆弛屁股塌的也在那邊歐美 笑死,1,1,1,文章涉及身體羞辱的歧視。
911,只會訓練精英，不會接受扁奶怪,2,1,1,文章涉及身體羞辱的歧視。
912,金魚眼的肥婆醜妹,1,1,0,未涉及歧視。
913,他腿好粗喔...對了原PO有點矮,1,1,0,未涉及歧視。
914,哪有 一堆死肥豬好嘛,1,1,1,這篇文章涉及了身體羞辱的歧視。
915,:初會而已就在難   洗洗睡了啦,0,0,1,這篇文章涉及身體羞辱的歧視。
916,垃圾塔綠班死胖子,1,1,0,未涉及歧視。
917,可惜沒奶子,2,1,1,這篇文章涉及身體羞辱的歧視。
918,別想看689 很多689都認為沒633是DDP害的,0,0,1,该文章涉及了身體羞辱的歧視。
919,紙片人,2,1,1,根據身體羞辱定義，“紙片人”的文章涉及了身體羞辱的歧視。
920,一天只吃300會瘦成皮包骨吧,2,1,0,未涉及歧視。
921,醜啊肥啊 不然你要龍妹嗎蛤？,1,1,1,這篇文章涉及了身體羞辱的歧視。
922,這種都有人要 反觀龍妹 果真台女不,1,1,1,這篇文章涉及了身體羞辱的歧視。
923,東南亞猴子身材差 打什麼籃球,2,1,0,未涉及歧視。
924,沒辦法吸收？,0,0,3,我无法回答这个问题，因为没有提供文章的内容。
925,大叔肥肚集中營 年輕人是死光了喔,1,1,0,未涉及歧視。
926,沒奶子就滾!,2,1,0,未涉及歧視。
927,你宅在家吃那些 胖更多啦,0,0,0,未涉及歧視。
928,這樣還不辭職 這不叫死忠什麼才是死忠？,0,0,1,這篇文章涉及了身體羞辱的歧視。
929,肥肚上,0,0,1,這篇文章涉及身體羞辱的歧視。
930,瘦皮猴說自己健康,2,1,0,未涉及歧視。
931,四川一堆斷層可以蓋？,0,0,0,未涉及歧視。
932,一個魯蛇在問胖子是誰,1,1,0,未涉及歧視。
933,推 8+9猴子身材一般人單挑都屌打,2,1,0,未涉及歧視。
934,有夠瘦皮包骨,2,1,1,有夠瘦皮包骨涉及身體羞辱的歧視。
935,封口夾也是愛用小物 聖誕小物也不錯,0,0,0,未涉及歧視。
936,桃乃木瘦到都看到排骨了,0,0,0,未涉及歧視。
937,台灣根本滿街扁奶 普遍到還有台女大概,2,1,1,這篇文章涉及了身體羞辱的歧視。文章中使用了“台灣”和“台女”等詞彙，這些詞彙暗示了對某些族群的刻板印象和污名化，這些詞彙可能會讓讀者產生身體羞愧的感覺。因此，文章涉及了身體羞辱的歧視。
938,有人打擊自己的嗎,0,0,1,這篇文章涉及身體羞辱的歧視。
939,瘦不拉基的+9妹也在身材好？,2,1,0,未涉及歧視。
940,看到肥宅跟醜男 就變貞節淑女,1,1,0,未涉及歧視。
941,先噓死者為大,0,0,0,未涉及歧視。
942,死肥宅只能跟醜女恐龍配對，這是AI優選結,1,1,1,文章涉及身體羞辱的歧視。
943,肥婆,1,1,1,這篇文章涉及身體羞辱的歧視。
944,更經典 長得醜的公主病肥龍甚至還會,1,1,1,文章涉及身體羞辱的歧視。
945,事,0,0,3,抱歉，我无法回答这个问题，因为您没有提供文章的内容。
946,沒奶子沒基友，過氣糞作,0,0,0,未涉及歧視。
947,好了啦龍妹,1,1,0,這篇文章並未涉及有關於身體羞辱的歧視。
948,笑死,0,0,1,這篇文章涉及身體羞辱的歧視。
949,屁精就是自私又噁心活該被眾人唾棄,0,0,1,這篇文章涉及了身體羞辱的歧視。
950,滿噁的 懷孕變胖屬正常現象,0,0,0,未涉及歧視。
951,蛀牙關我屁事,0,0,0,未涉及歧視。
952,小龍女真的感覺瘦不拉基的,2,1,0,未涉及歧視。
953,好像長得醜 又肥,1,1,1,文章涉及身體羞辱的歧視。
954,沒奶 沒哏 沒臉,2,1,0,未涉及歧視。
955,因為你放眼看去全都是瘦巴巴的傢伙啊,2,1,1,這篇文章涉及了身體羞辱的歧視。
956,4x又肥又醜 又愛亂講,1,1,1,文章涉及身體羞辱的歧視。
957,樓上 日本是日本不能比,0,0,1,文章涉及身體羞辱的歧視。
958,不一定，有的沒奶也沒腦,2,1,1,"根據身體羞辱定義，""有的没奶也没腦""可能涉及身體羞辱的歧視。文章中的""有的没奶也没腦""可以被理解为对某人的外貌或身体特征进行贬低或嘲笑，这可能会引起被侮辱者的身體羞愧感。因此，文章可能涉及身體羞辱的歧視。"
959,good job,0,0,0,未涉及歧視。
960,太胖了 少吃多動吧 矮已經很慘起碼要,1,1,1,文章涉及身體羞辱的歧視。
961,所以你看到路邊龍妹都想姦？,1,1,1,這篇文章涉及了身體羞辱的歧視。
962,28.7  一群瘦皮猴  嫩,2,1,0,未涉及歧視。
963,很多 台妹瘦的話 幾乎沒奶 但大多白腿細,2,1,1,该文章涉及了关于身體羞辱的歧視。
964,這真狠這女的超瘦弱他單手掐到骨裂...,2,1,0,未涉及歧視。
965,阿圖咧 沒奶子也沒貓?,2,1,0,未涉及歧視。
966,躺平吧 你各位下輩子投胎瞄準一點啊,0,0,1,這篇文章涉及了身體羞辱的歧視。
967,果然同文同種,0,0,1,文章涉及身體羞辱的歧視。
968,小馮至少外貌屌打龍妹,1,1,0,未涉及歧視。
969,竹竿身材打棒球是能看？,2,1,0,未涉及歧視。
970,我還想貸40年欸 不然怎麼買得起,0,0,1,文章涉及身體羞辱的歧視。
971,周胖子：封封封存30年他馬的,1,1,0,未涉及歧視。
972,所以你是因為她是龍妹而喜歡上她嗎？,1,1,1,這篇文章涉及了身體羞辱的歧視。
973,藍褲子瘦皮猴看起來好廢，呵呵,2,1,1,文章涉及了身體羞辱的歧視。
974,雞蛋的替代品根本超少，肉有豬雞牛羊等,0,0,0,未涉及歧視。
975,大奶的大腿偏粗事實，手不一定,1,1,0,未涉及歧視。
976,值一次夜更 好累,0,0,0,未涉及歧視。
977,矮窮醜 酸肥臭宅噁,1,1,1,這篇文章涉及身體羞辱的歧視。
978,一個瘦皮猴養肥肥的故事,2,1,1,這篇文章涉及身體羞辱的歧視。
979,看正妹變肥婆,1,1,1,文章涉及身體羞辱的歧視。
980,沒奶子 懷孕生子奶頭又黑又扁很倒胃口的,2,1,0,未涉及歧視。
981,宏樹,0,0,1,根據身體羞辱定義，文章涉及身體羞辱的歧視。
982,魚，然後一直保底,0,0,1,文章涉及身體羞辱的歧視。
983,:,0,0,3,抱歉，我无法回答这个问题，因为您没有提供文章的内容。
984,他只是個孩子啊!!有什麼事情衝著我來!,0,0,0,未涉及歧視。
985,手臂粗的像電線桿，腰粗的像橋墩,1,1,1,文章涉及身體羞辱的歧視。
986,女性確實較少會練腿 因為不想讓腿變粗,0,0,0,未涉及歧視。
987,猴形身材,2,1,0,未涉及歧視。
988,越長越醜，還沒奶誰要看,2,1,1,文章涉及身體羞辱的歧視。
989,人家魔獸才不是台灣那種瘦皮猴,2,1,1,文章涉及身體羞辱的歧視。
990,沒奶有屁股叫身材好，是不是在臭?,2,1,1,文章涉及身體羞辱的歧視。
991,錢,0,0,0,這篇文章並未涉及有關於身體羞辱的歧視。
992,不思議的,0,0,0,不涉及歧視。
993,攤在公園角落 瘦巴巴的 想拿東西給他吃,2,1,0,未涉及歧視。
994,統統才是被家暴的那個，肥婆會丟衛生,1,1,1,根據身體羞辱定義，文章涉及了身體羞辱的歧視。
995,沒奶子,2,1,0,未涉及歧視。
996,醜又沒奶還只會哭就滾,2,1,1,文章涉及身體羞辱的歧視。
997,他給的薪水應該請不起什麼有能力的大,0,0,1,文章涉及身體羞辱的歧視。
998,敢她馬的塔綠班胖子,1,1,0,未涉及歧視。
999,煎茶,0,0,0,這篇文章並未涉及有關於身體羞辱的歧視。
1000,瘦皮猴 還是要有點肉 才會撐起來有感,2,1,1,這篇文章涉及身體羞辱的歧視。
1001,哈哈 龍妹就不會被強姦的意思,1,1,1,文章涉及身體羞辱的歧視。
1002,又肥又醜 這個跳過,1,1,1,這篇文章涉及身體羞辱的歧視。
1003,龍妹奶大看了也還是噁,1,1,1,文章涉及了身體羞辱的歧視。
1004,↑她這腿好可怕，骷髏人嗎,2,1,1,文章涉及了身體羞辱的歧視。
1005,沒有 改餓死在牢裡,0,0,3,無
1006,他們會森77說變成瘦皮猴就有腹肌啦,2,1,0,未涉及歧視。
1007,龍妹發個廢文附張圖，立刻刷到爆文,1,1,1,文章涉及身體羞辱的歧視。
1008,牽拖別人最會,0,0,0,這篇文章並未涉及有關於身體羞辱的歧視。
1009,覺青還真的會怪台灣人太浪費電喔,0,0,1,文章涉及身體羞辱的歧視。
1010,龍妹才要騎機車做外送，正妹都有汽車接,1,1,0,未涉及歧視。
1011,肥婆,1,1,1,這篇文章涉及身體羞辱的歧視。
1012,主要是太肥婆惹 先減肥葛30公斤再來看看,1,1,1,這篇文章涉及身體羞辱的歧視。
1013,89都這種身材阿,2,1,1,文章涉及身體羞辱的歧視。
1014,肥婆沒被關到死 真是國家不幸,1,1,0,未涉及歧視。
1015,扁奶滾啦幹,2,1,1,這篇文章涉及身體羞辱的歧視。
1016,鳥仔腳又不好看==,2,1,1,這篇文章涉及身體羞辱的歧視。
1017,被騙這麼久== 記得配養樂多,0,0,1,根據身體羞辱定義，文章涉及了身體羞辱的歧視。
1018,:能讓CPU變成量子電腦就好了.... 講好多看不懂 哈,0,0,1,文章涉及身體羞辱的歧視。
1019,太屌了.........,0,0,1,這篇文章涉及身體羞辱的歧視。
1020,肥婆神棍的話一般都用哪裏看人?,1,1,1,文章涉及身體羞辱的歧視。
1021,因為手指太肥短了所以月亮其實沒有發現,1,1,0,未涉及歧視。
1022,T就8+9啊 一個樣瘦巴巴沒奶又要跟人家,2,1,1,文章涉及了身體羞辱的歧視。
1023,在nfl眼中nba都是瘦皮猴,2,1,1,该文章涉及了有關于身體羞辱的歧視。
1024,好的 樓上塔綠班 四個同意,0,0,3,好，樓上塔綠班 四個同意
1025,錯了,0,0,3,抱歉，我无法回答这个问题，因为您没有提供文章的内容。
1026,這種腿才棒 當然練結實更好 一堆鳥仔腳,2,1,0,未涉及歧視。
1027,:689+公務員，ㄏㄏ,0,0,1,這篇文章涉及身體羞辱的歧視。
1028,伙食差當然每個瘦不拉雞黑乾瘦看起來像,2,1,1,這篇文章涉及身體羞辱的歧視。
1029,扁奶滾啦幹,2,1,1,這篇文章涉及身體羞辱的歧視。
1030,躺著選都會贏 誰屌你納稅錢,0,0,1,這篇文章涉及身體羞辱的歧視。
1031,我有猜到 給噓,0,0,3,抱歉，我无法回答这个问题，因为你没有提供文章的内容。
1032,反觀台灣還在獨裁統治，逼全民戴口罩,0,0,1,這篇文章涉及有關於身體羞辱的歧視。文章中提到了戴口罩的必要性，並將之與身體羞辱相提並論，暗示戴口罩是因為擔憂身體羞辱而進行的。因此，這篇文章涉及有關於身體羞辱的歧視。
1033,平民生小孩可恨 為了滿足人生成就小,0,0,1,该文章涉及了关于身體羞辱的歧視。
1034,沒啥好笑的吧，日本一堆老頭肥肚噁男優,1,1,1,该文章涉及了关于身體羞辱的歧視。
1035,沒掛 沒奶子 滾一邊去,2,1,1,這篇文章涉及身體羞辱的歧視。
1036,說肥宅變胖就沒事，死母豬台女,1,1,1,這篇文章涉及了身體羞辱的歧視。
1037,肥婆,1,1,1,這篇文章涉及身體羞辱的歧視。
1038,標準台女身材 瘦到看起來像非洲難民 你,2,1,0,未涉及歧視。
1039,Po這三小我要看肥婆,1,1,1,文章涉及身體羞辱的歧視。
1040,肥婆 閃靈,1,1,0,這篇文章並未涉及有關於身體羞辱的歧視。
1041,現在都一堆人會對紙片人發情了，羞辱老,2,1,1,文章涉及身體羞辱的歧視。
1042,打個鬼 去告好嗎,0,0,1,這篇文章涉及身體羞辱的歧視。
1043,搞到政府獲利千億？,0,0,1,文章涉及身體羞辱的歧視。
1044,沒奶子,2,1,0,未涉及歧視。
1045,打開你原本選的門以外的另一扇門，裡面,0,0,1,這篇文章涉及身體羞辱的歧視。
1046,醜就算了 一堆胖子真的看不下去,1,1,1,文章涉及身體羞辱的歧視。
1047,講醜都沒事了！講胖會有事？,1,1,1,文章涉及有關於身體羞辱的歧視。
1048,老闆娘到底是煮給誰吃？全家都瘦巴巴結果,2,1,0,未涉及歧視。
1049,瘦不拉基是要怎麼跟人打,2,1,0,未涉及歧視。
1050,後面也靈氣全失 臉型消瘦到像骷髏頭,2,1,1,這篇文章涉及了身體羞辱的歧視。
1051,我喜歡紙片人，兄弟,2,1,0,未涉及歧視。
1052,呵呵 合法灑錢 養飽自己人 謝謝指教,0,0,1,根據身體羞辱定義，這篇文章涉及了身體羞辱的歧視。文章中提到了“呵呵”和“謝謝指教”，這些詞語都暗示了對被評論者的侮辱和羞辱。因此，根據身體羞辱定義，這篇文章涉及了有關於身體羞辱的歧視。
1053,台女扁奶有什麼好看 拍給甲甲客戶？,2,1,0,未涉及歧視。
1054,對啊，忠仔人很好很古意，為啥要咒他死?,0,0,1,文章涉及了身體羞辱的歧視。
1055,看影片...8+9瘦皮猴一個..警察還壓不住,2,1,1,這篇文章涉及有關於身體羞辱的歧視。文章中提到了一個瘦皮猴，並描述了警察對這個瘦皮猴的態度。文章暗示了警察對瘦皮猴的態度是因為瘦皮猴的外貌，而不是因為瘦皮猴的任何其他原因。這樣的描述可能會讓讀者產生對瘦皮猴外貌的刻板印象，並對瘦皮猴產生身體羞愧感。因此，這篇文章涉及有關於身體羞辱的歧視。
1056,醜死 沒奶去死,2,1,1,這篇文章涉及了身體羞辱的歧視。
1057,女神？？？以前就奶大 後來瘦了就沒奶,2,1,1,文中涉及了身體羞辱的歧視。
1058,肥婆了,1,1,1,這篇文章涉及身體羞辱的歧視。
1059,不要取胖的 很醜 又很貪婪==,1,1,1,文章涉及身體羞辱的歧視。
1060,還他嗎想給人掉路燈 就你那瘦皮猴的鳥,2,1,1,文章涉及了身體羞辱的歧視。
1061,這樣才是剛好，太瘦，撞到骨盆超痛,2,1,1,這篇文章涉及身體羞辱的歧視。
1062,龍妹就應該AA,1,1,1,文章涉及身體羞辱的歧視。
1063,噁男 那麼胖還要在別人身上蹭殺小,1,1,0,未涉及歧視。
1064,敬,0,0,3,很抱歉，我无法回答这个问题，因为没有提供文章的内容。
1065,錢買不到正義跟老子不願意！,0,0,1,這篇文章涉及身體羞辱的歧視。
1066,笑死已經變成肥婆了,1,1,0,未涉及歧視。
1067,鍵盤柯南,0,0,0,未涉及歧視。
1068,沒才藝 要整也太慢整 又沒奶....,2,1,1,這篇文章涉及了身體羞辱的歧視。
1069,瘦皮猴,2,1,0,未涉及歧視。
1070,鳥仔腳,2,1,1,根據身體羞辱定義，文章涉及身體羞辱的歧視。
1071,媽，我在這（先卡一個,0,0,3,抱歉，我无法回答这个问题，因为你没有提供文章的内容。
1072,他想要打成八年抗戰也行,0,0,0,未涉及歧視。
1073,珊珊加油！！！,0,0,0,未涉及歧視。
1074,瘦成骨灰再說,2,1,0,未涉及歧視。
1075,幹 自己癡肥怪男友太醜,1,1,0,未涉及歧視。
1076,淦0梁這醜女肥婆滾辣操,1,1,1,這篇文章涉及身體羞辱的歧視。
1077,下半身肥婆的話 不行,1,1,1,文章涉及身體羞辱的歧視。
1078,了只能生出醜龍妹 醜龍妹一輩子沒人要,1,1,1,文章涉及身體羞辱的歧視。
1079,今天肥宅或龍妹躺在路上 明天就結冰了,1,1,0,未涉及歧視。
1080,腿很粗吧 不符合鳥腿網美的型,1,1,1,這篇文章涉及身體羞辱的歧視。
1081,黑道8＋9一堆瘦皮猴，會有力氣拉弓,2,1,0,未涉及歧視。
1082,看看那個肥肚子,1,1,1,文章涉及身體羞辱的歧視。
1083,現在看到標題律師都直覺想到他,0,0,1,文章涉及身體羞辱的歧視。
1084,以前那種鳥仔腳真的有點病態,2,1,0,未涉及歧視。
1085,快點告啊，不要整天在政論節目辦案,0,0,1,文章涉及身體羞辱的歧視。
1086,因為肥宅沒趴好開,0,0,1,這篇文章涉及身體羞辱的歧視。
1087,都已經很瘦了 是打算把骨頭也剪掉？,2,1,1,该文章涉及了关于身體羞辱的歧視。
1088,學怪奇物語的哦,0,0,1,根據身體羞辱定義，“學怪奇物語的哦”可能涉及身體羞辱的歧視。文章中提到了“學怪奇物語的哦”，这可能是指某人的外貌或身体特征，而这些特征可能被认为是“怪奇”或“不正常”。如果被描述为“怪奇”或“不正常”，那么这种描述可能会引起被描述者的身體羞愧感。因此，文章可能涉及身體羞辱的歧視。
1089,大家沒忘記阿嬤有陣子被說是地下指,0,0,1,文章涉及身體羞辱的歧視。
1090,瘦皮猴老輝仔,2,1,0,未涉及歧視。
1091,沒破百都是瘦皮猴,2,1,0,未涉及歧視。
1092,每種能源都有好有壞 我們只能在當中選,0,0,0,這篇文章並未涉及身體羞辱的歧視。
1093,沒奶子,2,1,0,未涉及歧視。
1094,看過現場ＣＣＲ 矮秃肥老醜窮包莖洋人都贏你,1,1,1,文章涉及身體羞辱的歧視。
1095,長的醜又肥又窮就要有自知之明 躺平爽歪,1,1,1,根據身體羞辱定義，文章涉及了身體羞辱的歧視。
1096,正常吧 長跑都瘦不拉機,2,1,1,這篇文章涉及身體羞辱的歧視。
1097,打電話過去罵,0,0,0,未涉及歧視。
1098,8+9那種身材被轟到一拳就死了 一拳殺一隻,2,1,0,未涉及歧視。
1099,吸毒仔不是都瘦皮猴嗎,2,1,0,未涉及歧視。
1100,噁心肥婆 選舉才會出現,1,1,1,這篇文章涉及身體羞辱的歧視。
1101,跟那些跟著甲肥貓屁股的塔綠班講理,1,1,1,文章涉及身體羞辱的歧視。
1102,女人懷孕代價太大 變胖變醜工作可能消失 如,1,1,1,文章涉及身體羞辱的歧視。
1103,是藍營的御用媒體？所以肥婆又變塔,1,1,1,文章涉及身體羞辱的歧視。
1104,自己瘦皮猴要檢討吧,2,1,0,未涉及歧視。
1105,:還有大小屎是高職畢業生　連大學都不是...,0,0,1,文章涉及身體羞辱的歧視。
1106,如果你家裡插座也是220V就不行,0,0,0,未涉及歧視。
1107,官僚系統就跟肥宅一樣虛胖,1,1,0,未涉及歧視。
1108,這情緒控管難怪無業,0,0,1,這篇文章涉及了身體羞辱的歧視。
1109,話說我總覺得拜登比川普還像共和黨人,0,0,1,文章涉及身體羞辱的歧視。
1110,因為他很胖啊幹,2,1,0,未涉及歧視。
1111,豬臉小胖子 真醜,1,1,1,文章涉及身體羞辱的歧視。
1112,竹籤插貢丸也叫美,2,1,0,未涉及歧視。
1113,一定是醜女 暴牙肥油,1,1,1,文章涉及身體羞辱的歧視。
1114,死胖妹  噁~,1,1,1,文章涉及了身體羞辱的歧視。
1115,普臉 瘦小乾扁沒奶 沒梗沒看點,2,1,0,未涉及歧視。
1116,4%缺點就是缺人 什麼拐瓜劣棗都收,0,0,1,這篇文章涉及身體羞辱的歧視。
1117,沒奶，沒臉的貼這廢文幹麻？怒噓,2,1,1,根據身體羞辱定義，這篇文章涉及了身體羞辱的歧視。文章中使用了侮辱性的詞彙，例如“沒有奶”和“沒有面子”，這些詞彙暗示了對被描述人物的種族、性別、性取向等身份的污名化和侮辱。因此，這篇文章涉及了身體羞辱的歧視。
1118,其實沒很糟喇 若沒奶不會特別被注意,2,1,1,這篇文章涉及身體羞辱的歧視。
1119,像是老闆歧視老幼婦孺胖瘦美醜都告訴大家,1,1,1,這篇文章涉及身體羞辱的歧視。
1120,不是鳥仔腳 讚讚,2,1,0,文章未涉及身體羞辱的歧視。
1121,78肥婆之流都可以了，還有什麼吞不下，,1,1,1,该文章涉及了身體羞辱的歧視。
1122,酒駕,0,0,0,未涉及歧視。
1123,難得被國民黨逮到痛點了 怕成這樣,0,0,1,文章涉及身體羞辱的歧視。
1124,瘦到都是骨頭吃個屁，再養個十年,2,1,0,未涉及歧視。
1125,，奶又小屁股塌，說希臘神淫亂算公道嗎,2,1,1,该文章涉及了身體羞辱的歧視。
1126,這粗勇？你是動漫鳥仔腳看太多吧,2,1,1,這篇文章涉及了身體羞辱的歧視。
1127,我覺得很可愛 臉圓才好 瘦巴巴瓜子臉,2,1,0,未涉及歧視。
1128,台女瘦就有鳥仔腳了，可是大奶比較稀,2,1,1,這篇文章涉及身體羞辱的歧視。
1129,但不知道要槍決誰，笑死，法治國家。,0,0,1,這篇文章涉及了身體羞辱的歧視。
1130,你是不是不想幹龍妹？,1,1,0,未涉及歧視。
1131,肥婆 我今天吃螃蟹,1,1,0,未涉及歧視。
1132,台灣的89不都瘦的跟排骨一樣,2,1,1,這篇文章涉及身體羞辱的歧視。
1133,這身材在肌肉版叫做排骨瘦猴。,2,1,0,未涉及歧視。
1134,春年華的女孩兒，反觀醜陋肥宅呢？等人,1,1,0,未涉及歧視。
1135,拿一個醜又沒奶的出來幹什麼啦,2,1,1,這篇文章涉及了身體羞辱的歧視。
1136,肥 醜 又肥又醜,1,1,1,文章涉及身體羞辱的歧視。
1137,腿超粗,1,1,0,未涉及歧視。
1138,台積電也不是靠台灣理組才有今天的成績,0,0,1,文章涉及身體羞辱的歧視。
1139,克里米亞快拿回來吧 俄擴張都為港,0,0,0,未涉及歧視。
1140,龍妹：給妳顏色瞧瞧，正妹：給妳顏射瞧,1,1,1,這篇文章涉及了身體羞辱的歧視。
1141,材好的醜男絕對大勝醜肥宅,1,1,1,這篇文章涉及身體羞辱的歧視。
1142,肥了醜了 就不要了!,1,1,1,這篇文章涉及身體羞辱的歧視。
1143,沒奶子講個雞巴,2,1,0,未涉及歧視。
1144,樓下都跟比自己胖幾公斤的龍妹做愛?,1,1,1,文章涉及身體羞辱的歧視。
1145,柯文哲是不是失職了? 還不叫車全載走?,0,0,1,文章涉及了身體羞辱的歧視。
1146,要夠正才有，不然龍妹，每人都會想閃,1,1,3,要夠正才有，不然龍妹，每人都會想閃
1147,暖,0,0,1,根據身體羞辱定義，文章涉及身體羞辱的歧視。
1148,為什麼這醜女肥龍會有工具人啊能不能告訴我你各位,1,1,1,這篇文章涉及了身體羞辱的歧視。
1149,肥婆,1,1,1,這篇文章涉及身體羞辱的歧視。
1150,會躲在車底偷拍的 這貨不行啊,0,0,1,文章涉及身體羞辱的歧視。
1151,你不敢當在野的聲音我就當你瘦皮猴,2,1,1,這篇文章涉及身體羞辱的歧視。
1152,勾惡就沒料也沒奶啊,2,1,1,文章涉及身體羞辱的歧視。
1153,骨感好重...=_=瘦不拉基,2,1,1,這篇文章涉及身體羞辱的歧視。
1154,差不多瘦皮猴而已吧,2,1,1,這篇文章涉及身體羞辱的歧視。
1155,+9很多瘦皮猴 都是靠圍毆才得利,2,1,1,该文章涉及身體羞辱的歧視。
1156,幹  太瘦了吧  非洲難民?,2,1,1,這篇文章涉及身體羞辱的歧視。
1157,我醜男不找龍妹要單身一輩子嗎,1,1,0,未涉及歧視。
1158,愛台灣就要加入台灣對 唯一支持!!!,0,0,1,文章涉及身體羞辱的歧視。
1159,這種8+9鳥仔腳有夠醜,2,1,0,未涉及歧視。
1160,有政府，不缺電，只會叫企業發電,0,0,1,有政府，不缺電，只會叫企業發電涉及身體羞辱的歧視。
1161,照騙而已 本人見到後就是個瘦排骨....,2,1,1,這段文字涉及身體羞辱的歧視。
1162,最有趣的事這種人會比健身瘦皮猴健康,2,1,1,文章涉及身體羞辱的歧視。
1163,沒奶子 不用看了,2,1,1,這篇文章涉及了身體羞辱的歧視。
1164,還很愛對路過的女生品頭論足，胖的醜,1,1,1,文章涉及身體羞辱的歧視。
1165,你以為龍妹看得上你？,1,1,0,未涉及歧視。
1166,水桶腰,1,1,0,未涉及歧視。
1167,沒奶子又長得醜 跟你哭只想給她兩巴掌,1,1,0,未涉及歧視。
1168,台灣一堆扁奶怪，個性又機歪,2,1,0,未涉及歧視。
1169,還真敢講,0,0,1,文章涉及身體羞辱的歧視。
1170,反惡魔旅館不是應該po 紙片人系列,2,1,0,這篇文章並未涉及有關於身體羞辱的歧視。
1171,對又醜又肥又臭又髒的當然沒感覺,1,1,1,文章涉及了身體羞辱的歧視。
1172,肥婆國師會吧,1,1,0,這篇文章並未涉及有關於身體羞辱的歧視。
1173,我覺得謝忻還比較丟臉，阿翔不帥又瘦皮猴,2,1,1,這篇文章涉及了身體羞辱的歧視。
1174,支那賤種超愛外遇肥婆,1,1,0,未涉及歧視。
1175,真的就技術問題，這題還能55波也是神奇,0,0,3,很抱歉，我无法回答这个问题，因为没有提供文章的内容。
1176,誰要找醜又沒$的，還沒奶就更慘,2,1,1,文章涉及身體羞辱的歧視。
1177,扁奶滾啦幹,2,1,1,這篇文章涉及身體羞辱的歧視。
1178,扁奶滾啦幹,2,1,1,這篇文章涉及身體羞辱的歧視。
1179,超越馬英九的 必蔡英文,0,0,1,文章涉及身體羞辱的歧視。
1180,山豬寶寶：好冷 胖叔叔救我 然後就被烤,1,1,0,未涉及歧視。
1181,沒po照片，沒奶照，還想要風向，當網,2,1,1,根據身體羞辱定義，這篇文章涉及了身體羞辱的歧視。文章中提到了對網友的評論，這些評論可能會讓網友產生身體羞愧感。因此，根據身體羞辱定義，這篇文章涉及了有關於身體羞辱的歧視。
1182,鳥仔腳，我不行,2,1,0,未涉及歧視。
1183,你初戀扁奶，可憐,2,1,0,未涉及歧視。
1184,舔起來，党的懶趴又香又甜,0,0,3,根據身體羞辱定義，“舔起來，党的懶趴又香又甜”可能涉及有關於身體羞辱的歧視。文章中的“舔起來”和“懶趴又香又甜”可能被理解为对某人的外貌或身体特征的贬低或嘲笑，这可能会引起被侮辱者的身體羞愧感。因此，文章可能涉及有關於身體羞辱的歧視。
1185,不該 難道你想看龍妹服務生?,1,1,1,文章涉及身體羞辱的歧視。
1186,又肥又醜 肛門跟嘴巴都很會噴屎,1,1,1,這篇文章涉及身體羞辱的歧視。
1187,"""一團肉""，能貴到哪裡? 為何能跟各類的",0,0,1,文章涉及身體羞辱的歧視。
1188,你覺得醜就不能上街 那肥宅全部去自殺,1,1,1,文章涉及了身體羞辱的歧視。
1189,矮秃肥老醜窮包莖短屌洋人　都贏各位,1,1,1,這篇文章涉及身體羞辱的歧視。
1190,禿醜矮胖窮，哪一個比較差？,1,1,1,這篇文章涉及身體羞辱的歧視。
1191,其實我不懂英女王的喪禮已經變成限時景點,0,0,0,未涉及歧視。
1192,太胖了吧 你胖的像豬,1,1,1,文章涉及身體羞辱的歧視。
1193,只有龍妹 樓下常約,1,1,0,這篇文章並未涉及有關於身體羞辱的歧視。
1194,沒奶子也想,2,1,0,未涉及歧視。
1195,加油  勞工權益第一炮,0,0,1,這篇文章涉及身體羞辱的歧視。
1196,大,0,0,3,抱歉，我无法回答这个问题，因为您没有提供文章的内容。
1197,肚子肉擠出來了,0,0,0,未涉及歧視。
1198,台大馬偕不做是故意想搞阿北？,0,0,0,未涉及歧視。
1199,龍妹溫和不打你，正妹生氣會打人，你選？,1,1,1,這篇文章涉及了身體羞辱的歧視。
1200,左二沒奶子滾喇幹,2,1,0,未涉及歧視。
1201,老早就不是了 你活在哪個年代?,0,0,1,文章涉及有關於身體羞辱的歧視。
1202,而已,0,0,3,抱歉，我无法回答这个问题，因为您没有提供文章的内容。
1203,小腿太粗了,1,1,0,未涉及歧視。
1204,朝聖17.2，8,0,0,1,根據身體羞辱定義，這篇文章涉及了身體羞辱的歧視。
1205,那胖子是內外都醜陋 嘔嘔嘔嘔嘔,1,1,1,這篇文章涉及身體羞辱的歧視。
1206,在路上看到都瘦巴巴的,2,1,0,未涉及歧視。
1207,2010 神豬被開槍時 流彈打死一個流浪漢,1,1,0,未涉及歧視。
1208,全世界共同找一個小島讓甲甲建國,0,0,0,未涉及歧視。
1209,但背面那張一堆屁股也太塌了,2,1,1,该文章涉及了身體羞辱的歧視。
1210,反觀八卦版死肥豬,1,1,1,文章涉及身體羞辱的歧視。
1211,瘦扁奶 幹骨頭就是爽,2,1,0,未涉及歧視。
1212,扁奶怪,2,1,1,這篇文章涉及身體羞辱的歧視。
1213,上任前就知糖衣毒藥 現在惡果來了才要,0,0,1,文章涉及身體羞辱的歧視。
1214,popping 你紙片人喔,2,1,0,未涉及歧視。
1215,紙片人跟撞桌角差不多,2,1,0,未涉及歧視。
1216,腿粗的喜歡穿黑絲高跟，像滷豬腳,1,1,0,未涉及歧視。
1217,沒臉沒奶的不會跳舞 紅不起來,2,1,1,這篇文章涉及身體羞辱的歧視。
1218,阿勇你的手指肥肥的,1,1,0,未涉及歧視。
1219,價物價比真的,0,0,1,文章涉及身體羞辱的歧視。
1220,死肥豬掛了而已,1,1,1,文章涉及身體羞辱的歧視。
1221,其實龍妹相處起來常常比正妹感覺好耶,1,1,0,未涉及歧視。
1222,來演喜劇片嗎,0,0,1,根據身體羞辱定義，“來演喜劇片嗎”可能涉及身體羞辱的歧視。這句話中的“來演喜劇片嗎”可以被理解為對某人外貌或身材的嘲笑或嘲弄，這些嘲笑或嘲弄可能會讓被嘲弄者產生身體羞愧感。因此，根據身體羞辱定義，“來演喜劇片嗎”可能涉及身體羞辱的歧視。
1223,那三張都沒奶子,2,1,0,未涉及歧視。
1224,死胖子 滾,1,1,0,未涉及歧視。
1225,圖片是正妹，來的是龍妹,1,1,1,文章涉及身體羞辱的歧視。
1226,都沒有 難怪被法律系的綠共玩爽爽,0,0,1,文章涉及身體羞辱的歧視。
1227,這肥婆是誰,1,1,0,未涉及歧視。
1228,ㄏㄏ瘦皮猴養成日記,2,1,0,這篇文章並未涉及有關於身體羞辱的歧視。
1229,那邊一堆追焦跟壓車仔,0,0,0,未涉及歧視。
1230,雙標到笑出來,0,0,1,這篇文章涉及身體羞辱的歧視。
1231,幹 好醜好肥 這誰啊,1,1,1,這篇文章涉及身體羞辱的歧視。
1232,T-Mac 你...（錯,0,0,1,文章涉及身體羞辱的歧視。
1233,看起來就是沒被照顧好 瘦巴巴的,2,1,1,文章涉及了身體羞辱的歧視。
1234,:本人出來爆掛 這才是八卦版!,0,0,1,這篇文章涉及了身體羞辱的歧視。
1235,醜 沒奶,2,1,1,根據身體羞辱定義，這篇文章涉及了身體羞辱的歧視。文章中使用了“丑”和“没奶”等詞語，這些詞語可能讓讀者產生身體羞愧感。因此，這篇文章涉及了身體羞辱的歧視。
1236,死而復活、死而無憾,0,0,1,文章涉及身體羞辱的歧視。
1237,是不會用學姐的肥皂擦屁股嗎,0,0,1,文章涉及身體羞辱的歧視。
1238,肥婆,1,1,1,這篇文章涉及身體羞辱的歧視。
1239,醜噁肥男,1,1,1,文章涉及身體羞辱的歧視。
1240,看體重啦 一堆瘦皮猴拉很多下自以為很強,2,1,0,未涉及歧視。
1241,龍妹,1,1,1,根據身體羞辱定義，龍妹的文章涉及了身體羞辱的歧視。
1242,12盤真的是肥宅之恥....吃這點也能胖?,2,1,1,文章涉及了身體羞辱的歧視。
1243,沒奶還穿殺小胸罩 滾,2,1,0,未涉及歧視。
1244,奶子越大越好，扁奶滾啦幹,2,1,0,未涉及歧視。
1245,投胎斷食法 可以瘦到見骨,1,1,0,未涉及歧視。
1246,瘦不拉姬他媽喬個車都喬不動的弱咖打78,2,1,0,未涉及歧視。
1247,ㄧ期肥婆等毒瘤推翻來贏得四期心,1,1,0,這篇文章並未涉及有關於身體羞辱的歧視。
1248,BMI30在八卦是瘦成皮包骨的,2,1,1,该文章涉及了关于身體羞辱的歧視。
1249,支持胖子的噁心 支持林的愛大便 呵呵,1,1,1,這篇文章涉及了身體羞辱的歧視。文章中使用了侮辱性語言，例如“胖子的噁心”和“支持林的愛大便”，這些詞語都暗示了對胖子或林的不尊重和輕蔑。這些詞語可能讓讀者產生身體羞愧感，進而導致身體羞辱的歧視。因此，這篇文章涉及了身體羞辱的歧視。
1250,道會踢輸你紙片人嗎 XDD ?,2,1,1,文章涉及身體羞辱的歧視。
1251,死肥豬,1,1,0,未涉及歧視。
1252,副作用是肥肚肚,0,0,0,未涉及歧視。
1253,委婉的說你又胖又醜的意思,1,1,1,這篇文章涉及身體羞辱的歧視。
1254,園子==,0,0,0,這篇文章並未涉及有關於身體羞辱的歧視。
1255,樓下沒奶子,2,1,1,文章涉及身體羞辱的歧視。
1256,所以懂的話就知道，民代立法下，就會一堆,0,0,1,文章涉及身體羞辱的歧視。
1257,菸酒色醜老頭加豬鼻富家女加網軍胖子,1,1,0,未涉及歧視。
1258,不會 沒奶 沒臉,2,1,1,文章涉及身體羞辱的歧視。
1259,後面幾張根本沒奶子  這樣很不和平,2,1,1,這篇文章涉及身體羞辱的歧視。
1260,台女比較胖腿比較粗？？？,1,1,1,文章涉及身體羞辱的歧視。
1261,但用龍妹硬上肯定會吃女拳 所以忍耐吧,1,1,1,文章涉及了身體羞辱的歧視。
1262,證明人帥真好，有錢變醜變胖也沒差,1,1,0,未涉及歧視。
1263,低能扁奶怪,2,1,0,未涉及歧視。
1264,兩點一線累到躺平是有啥好看的,0,0,1,文章涉及有關於身體羞辱的歧視。
1265,漫畫沒帶 動畫沒奶沒妹子 怎麼好看？,2,1,0,未涉及歧視。
1266,推你 幹我早看台中那死胖@^%#&?!'$,1,1,1,文章涉及身體羞辱的歧視。
1267,我真的覺得大樓應該強制加裝隱形鐵窗 不,0,0,1,文章涉及身體羞辱的歧視。
1268,美波甜不辣手我忍痛分你,1,1,0,未涉及歧視。
1269,死黑鬼胖女人，人醜心也醜,1,1,1,文章涉及有關於身體羞辱的歧視。
1270,今後就是肥宅的天下啦 瘦皮猴7414,2,1,1,這篇文章涉及身體羞辱的歧視。
1271,還是選龍妹大奶好了 關燈之後還是能用的,1,1,1,這篇文章涉及身體羞辱的歧視。
1272,身材很竹竿,2,1,0,未涉及歧視。
1273,台女有些沒奶子,2,1,0,未涉及歧視。
1274,記得去跟非洲瘦得皮包骨的小朋友說很羨慕他,2,1,0,未涉及歧視。
1275,刺青、鳥仔腳、瓜皮安全帽,2,1,0,未涉及歧視。
1276,呵呵早起運動減水桶腰?,1,1,1,文章涉及身體羞辱的歧視。
1277,幹這肥豬吧,1,1,1,這篇文章涉及身體羞辱的歧視。
1278,台男太肥太醜太矮 連雞排都不要,1,1,1,文章涉及身體羞辱的歧視。
1279,笑死 油頭也嫌 齊劉海也嫌 肥宅自己醜,1,1,1,這篇文章涉及身體羞辱的歧視。
1280,我認識一個心臟病患者也是瘦皮猴,2,1,0,未涉及歧視。
1281,不查證亂發文的大概也都是同一批你我他,0,0,1,文章涉及身體羞辱的歧視。
1282,有一兩個鳥仔腳真的太欠噓了 細到爆,2,1,1,這篇文章涉及身體羞辱的歧視。
1283,違法？違什麼法？,0,0,3,抱歉，我无法回答这个问题，因为您没有提供文章的内容。
1284,沒奶再怎麼波浪也沒用,2,1,0,未涉及歧視。
1285,很會玩,0,0,3,很抱歉，我无法回答这个问题，因为没有提供文章的内容。
1286,肥婆,1,1,1,這篇文章涉及身體羞辱的歧視。
1287,小馮沒奶又沒屁股R，水卜櫻屌打好嗎,2,1,0,未涉及歧視。
1288,扁奶滾啦幹,2,1,1,這篇文章涉及身體羞辱的歧視。
1289,很會跑的都瘦皮猴，沒有巨的,2,1,3,很會跑的都瘦皮猴，沒有巨
1290,BMI18以下紙片人不行啦,2,1,1,這篇文章涉及身體羞辱的歧視。
1291,沒奶子給噓 貼了奶子我再補推,2,1,0,未涉及歧視。
1292,標準低一點找個醜肥龍妹應該很輕鬆,1,1,1,文章涉及身體羞辱的歧視。
1293,有幹到鳥仔咖，紙片人,2,1,0,這篇文章並未涉及有關於身體羞辱的歧視。
1294,說不要吃太胖 後來認豬時裡面沒有瘦的,1,1,1,這篇文章涉及身體羞辱的歧視。
1295,有小胖的臉醜嗎，沒有嘛,1,1,1,這篇文章涉及了身體羞辱的歧視。
1296,$,0,0,3,抱歉，我无法回答这个问题，因为没有提供文章的内容。
1297,人家骷髏人喝了都沒事你在那邊管,2,1,1,這篇文章涉及身體羞辱的歧視。
1298,肥可以減啊…醜，整形也是塑膠,1,1,1,這篇文章涉及身體羞辱的歧視。
1299,就典型外勞體格 瘦小扁柴,2,1,1,文章涉及身體羞辱的歧視。
1300,這種智障言論誰會信啊？,0,0,1,這篇文章涉及了身體羞辱的歧視。
1301,當初沒傳染給小孩就 嗯嗯嗯嗯嗯嗯,0,0,1,根據身體羞辱定義，文章涉及身體羞辱的歧視。
1302,靠北，叫肥肚中年大叔野炊野宿，怎麼,1,1,1,文章涉及身體羞辱的歧視。
1303,扁塌屁股，貢丸插竹筷身材的女人退流行,2,1,1,文章涉及有關於身體羞辱的歧視。
1304,死肥豬臭肥宅啦,1,1,1,這篇文章涉及身體羞辱的歧視。
1305,乾瘦猴子身材好在哪？,2,1,0,未涉及歧視。
1306,kate upton肥版 很讚,0,0,0,未涉及歧視。
1307,詐騙 扁奶怪,2,1,1,文章涉及身體羞辱的歧視。
1308,智障肥婆,1,1,0,未涉及歧視。
1309,智障市 不EY,0,0,1,這篇文章涉及身體羞辱的歧視。
1310,西野真的可憐，要奶沒奶，要演技沒演,2,1,0,未涉及歧視。
1311,玻璃鳥仔腳就不要學人家開車，很危險,2,1,0,未涉及歧視。
1312,勿忘銀河星爆  西提市&歐米龍妹妹發源地,0,0,0,這篇文章並未涉及有關於身體羞辱的歧視。
1313,所以瘦不拉機或死胖子台男都該檢討啊 人,2,1,1,文章涉及身體羞辱的歧視。
1314,看到胖子真的會讓人覺得噁心,1,1,0,未涉及歧視。
1315,沒奶 沒救,2,1,0,未涉及歧視。
1316,他們會説打不一樣的效果較好,0,0,1,這篇文章涉及了身體羞辱的歧視。
1317,果都選肥婆,1,1,1,文章涉及身體羞辱的歧視。
1318,你朋友是骷髏人?,2,1,0,未涉及歧視。
1319,肥得跟豬一樣 長得又醜 只有兩顆大奶,1,1,0,未涉及歧視。
1320,民進黨的總是罵那些有先見之明的不愛台,0,0,1,根據身體羞辱定義，這篇文章涉及了身體羞辱的歧視。文章中，民進黨的總是針對那些有先見之明的不愛台，這些人被形容為「有先見之明的不愛台」。這樣的描述可能讓讀者產生身體羞愧感，並暗示這些人對台灣有負面的評價。因此，這篇文章涉及了身體羞辱的歧視。
1321,沒有胸但鳥仔腳的更多,2,1,1,文章涉及身體羞辱的歧視。
1322,神啊 求求您大發慈悲 收了萬惡肥婆,1,1,1,這篇文章涉及身體羞辱的歧視。
1323,鳥仔腳真的不好看,2,1,0,未涉及歧視。
1324,五樓天天喝可樂吃洋芋片胖的跟豬一樣,1,1,0,未涉及歧視。
1325,f12.......肥宅文跟柴犬符號正式死光....跟lasda跟胡醜,0,0,1,该文章涉及了身體羞辱的歧視。
1326,反正四年後不關我的事,0,0,1,這篇文章涉及身體羞辱的歧視。
1327,錢人會讓kmt那可憐的政治獻金補滿嗎,0,0,0,未涉及歧視。
1328,都沒碰到，自己是沒奶嗎,0,0,1,文章涉及身體羞辱的歧視。
1329,教練一堆瘦皮猴好嗎= =,2,1,1,這篇文章涉及了身體羞辱的歧視。
1330,道如果得獎反而怪怪的吧,0,0,1,文章涉及身體羞辱的歧視。
1331,好想揉阿肥的肚子,0,0,1,這篇文章涉及身體羞辱的歧視。
1332,新竹人選出柯建銘超自豪，在那叫什麼,0,0,0,未涉及歧視。
1333,八成是龍妹被偶像藝人照片騙,1,1,0,未涉及歧視。
1334,跟我之前想的差不多,0,0,1,文章涉及身體羞辱的歧視。
1335,要監察院這單位動起來 要等肥婆睡醒吧,1,1,0,"要監察院這單位動起來 要等肥婆睡醒吧 

未涉及歧視。"
1336,哇靠 瘦得剩骨頭 好好保重,2,1,0,未涉及歧視。
1337,一定是扁奶又醜又龍,2,1,1,文章涉及身體羞辱的歧視。
1338,腥肝寶貝 好幾年沒進吐槽版了,0,0,0,這篇文章並未涉及有關於身體羞辱的歧視。
1339,墨綠大聯盟：富得流油 神豬去死,1,1,1,文章涉及身體羞辱的歧視。
1340,8+9才喜歡鳥仔腳,2,1,0,未涉及歧視。
1341,外省 肥豬 物以類聚 無恥又貪婪 死愛錢,1,1,1,這篇文章涉及了身體羞辱的歧視。
1342,人帥真好 人醜性騷擾 肥宅等妹仔報警吧,1,1,1,這篇文章涉及了身體羞辱的歧視。
1343,8+9台女 鳥仔腳也在囂張,2,1,0,未涉及歧視。
1344,不自殺聲明咧？,0,0,1,根據身體羞辱定義，文章涉及身體羞辱的歧視。
1345,身高扣體重大於110滿標準的 真肥婆別做夢,1,1,0,未涉及歧視。
1346,沒這麼不堪,0,0,1,根據身體羞辱定義，文章涉及身體羞辱的歧視。
1347,又醜又沒奶,2,1,1,這篇文章涉及身體羞辱的歧視。
1348,廢物支那沒義氣，學金小胖好嗎？,0,0,0,未涉及歧視。
1349,=====肥宅那麼胖還吃!!浪費資源!!想想非洲的孩子=====,1,1,1,文章涉及了身體羞辱的歧視。
1350,你想多了，他面對的是黨國一體完全執政的,0,0,1,文章涉及身體羞辱的歧視。
1351,扁奶大齡醜妹滾喇幹,2,1,0,未涉及歧視。
1352,這個id好眼熟，書唸畢業了嗎,0,0,1,根據身體羞辱定義，這篇文章涉及了身體羞辱的歧視。文章中使用了“好眼熟”和“書唸畢業了嗎”等詞句，這些詞句暗示了對某人的外貌或學習程度有不滿意的評價，並且可能讓被評價者產生身體羞愧感。因此，這篇文章涉及了身體羞辱的歧視。
1353,肥婆自己黑掉又要怪鄉民了,1,1,0,未涉及歧視。
1354,身心受創也太誇張,0,0,1,這篇文章涉及身體羞辱的歧視。
1355,貌平凡，但是被你們歸類到龍妹的女人,1,1,1,這篇文章涉及身體羞辱的歧視。
1356,顆顆,0,0,0,這篇文章並未涉及有關於身體羞辱的歧視。
1357,學五樓直接肛就對了,0,0,1,文章涉及身體羞辱的歧視。
1358,每個屁股都這麼塌也不容易,2,1,0,未涉及歧視。
1359,時中要來蹭了,0,0,1,文章涉及身體羞辱的歧視。
1360,檢舉上千案...難怪被盯上,0,0,1,這篇文章涉及身體羞辱的歧視。
1361,垃圾昶的死肥豬,1,1,0,未涉及歧視。
1362,1.5博士後援會,0,0,0,未涉及歧視。
1363,龍妹滾邊,1,1,1,根據身體羞辱定義，龍妹滾邊的文章涉及了身體羞辱的歧視。
1364,奶還好 不要給我瘦到剩骨頭 會痛,2,1,1,文章涉及身體羞辱的歧視。
1365,沒奶穿這個，很醜,2,1,0,未涉及歧視。
1366,NSFW前一批的員工真的比較有感,0,0,1,文章涉及身體羞辱的歧視。
1367,再給對方弄死一次呢,0,0,1,這篇文章涉及身體羞辱的歧視。
1368,管怎樣都要捐,0,0,1,文章涉及身體羞辱的歧視。
1369,當兩年的現在還不是一堆瘦皮猴,2,1,1,文章涉及身體羞辱的歧視。
1370,你想想嘛，太瘦淦起來像是撞骨架，會爽,2,1,1,文章涉及了身體羞辱的歧視。
1371,1你太肥2你太醜3你太臭4以上皆是,1,1,1,以上皆是涉及身體羞辱的歧視。
1372,+9腦袋空空刺半甲瘦皮猴 靠臉一樣吃,1,1,1,该文章涉及了关于身體羞辱的歧視。
1373,媽的怎麼變那麼胖 吃好睡好,1,1,0,未涉及歧視。
1374,反惡魔旅館　應該貼營養不良的骷髏人吧,2,1,1,這篇文章涉及身體羞辱的歧視。
1375,類龍妹,1,1,1,根據身體羞辱定義，文章涉及身體羞辱的歧視。
1376,那些搞到鳥仔腳的根本有事,2,1,1,這篇文章涉及身體羞辱的歧視。
1377,全世界都欠那個胖宅一座諾貝爾獎,1,1,0,未涉及歧視。
1378,就是扁阿 胖的扁 瘦的扁以下省略3000字,2,1,3,根据身體羞辱的定义，文章是否涉及有關於身體羞辱的歧視取决于文章中是否有针对某人或某人的身体特征的负面评价或评论。如果文章中存在针对某人或某人的身体特征的负面评价或评论，那么文章就可能涉及有關於身體羞辱的歧視。
1379,就跟蘿莉沒奶子 但一堆蘿莉控一樣,2,1,1,文章涉及了身體羞辱的歧視。
1380,瘦皮猴國中生也在砸店 笑死,2,1,0,未涉及歧視。
1381,沒奶子怎麼選？,2,1,1,這篇文章涉及了身體羞辱的歧視。
1382,都說被我打到跑了 所以只有老照片,0,0,1,该文章涉及了身體羞辱的歧視。
1383,一堆扁奶醜女都在抵制正妹露奶阿,2,1,0,未涉及歧視。
1384,肥宅肚子流出來的油，這意思,1,1,1,這篇文章涉及身體羞辱的歧視。
1385,沒奶子就輸在起跑點了阿,2,1,1,這篇文章涉及身體羞辱的歧視。
1386,肥婆就肥婆，棉三小啦,1,1,1,這篇文章涉及身體羞辱的歧視。
1387,新政治你敢嘴？,0,0,0,未涉及歧視。
1388,男生胖還可以但是矮就真的沒救了，矮男,0,0,1,這篇文章涉及身體羞辱的歧視。
1389,瘦子又不一定好看 鳥仔腳超難看,2,1,0,未涉及歧視。
1390,修圖龍妹 最後剩一個超難聊,1,1,3,根據身體羞辱定義，“修圖龍妹 最後剩一個超難聊”可能涉及有關於身體羞辱的歧視。文章中提到了“修圖龍妹”，这是一种侮辱性用语，暗示了她的外貌或身材不够完美。此外，文章中还提到了“最後剩一個超難聊”，这是一种贬低性用语，暗示了她的社交能力或人际交往能力不佳。这些用语都可能导致被害者感到羞耻和不自在，从而被视为身體羞辱。因此，根据身體羞辱定義，文章可能涉及有關於身體羞辱的歧視。
1391,扁奶醜女干我屁事,2,1,0,未涉及歧視。
1392,死肥豬,1,1,0,未涉及歧視。
1393,會嗆鳥仔腳 不練腿吧,2,1,1,這篇文章涉及身體羞辱的歧視。
1394,麥當勞的雞塊吧,0,0,0,未涉及歧視。
1395,龍妹嘔嘔嘔,1,1,1,這篇文章涉及身體羞辱的歧視。
1396,瘦到變一把骨頭,2,1,0,未涉及歧視。
1397,你真的懂男性嗎？,0,0,1,文章涉及身體羞辱的歧視。
1398,龍妹吧,1,1,3,根據身體羞辱定義，龍妹吧的文章可能涉及有關於身體羞辱的歧視，因為文章中提到了對女性的侮辱性語言，這些語言可能讓讀者產生身體羞愧感。但是，文章中是否涉及有關於身體羞辱的歧視，需要更詳細的閱讀和分析。
1399,腿太粗...,1,1,0,未涉及歧視。
1400,家打槍的肥婆在取暖的地方嗎,1,1,0,文中并未涉及有關於身體羞辱的歧視。
1401,長得醜的肥宅又性成癮不久很痛苦,1,1,0,未涉及歧視。
1402,在ㄉ+9只剩會叫囂的瘦皮猴而已,2,1,1,這篇文章涉及身體羞辱的歧視。
1403,腿很白很細 但太瘦沒屁股沒奶,2,1,0,未涉及歧視。
1404,有很多蛇精鳥仔腳怪啊,2,1,0,未涉及歧視。
1405,沒奶子,2,1,0,未涉及歧視。
1406,示意推屁股太塌了吧,2,1,0,未涉及歧視。
1407,沒奶子就算了吧,2,1,0,未涉及歧視。
1408,很懂,0,0,3,很懂
1409,我覺得就一個地方一個地方同溫層，我當,0,0,1,根據身體羞辱定義，文章涉及了身體羞辱的歧視。
1410,蔡英文把民主進步黨搞成獨裁墮落黨的下場,0,0,0,未涉及歧視。
1411,不是啊沒奶有沒奶的穿法..穿這樣根本呵呵,2,1,1,文章涉及身體羞辱的歧視。
1412,鳥仔腳難看,2,1,0,未涉及歧視。
1413,店就思夢樂最便宜，品質也還不錯,0,0,0,未涉及歧視。
1414,鳥仔腳真的噁心,2,1,0,未涉及歧視。
1415,配合度100的龍妹還有60分,1,1,1,文章涉及身體羞辱的歧視。
1416,有些肚子看起來很大 可能是肥婆啊,1,1,1,该文章涉及了关于身體羞辱的歧視。
1417,瘦皮猴站肌肉男？中國跟美國？,2,1,0,這篇文章並未涉及有關於身體羞辱的歧視。
1418,鄉民一命賠一命喔,0,0,1,這篇文章涉及身體羞辱的歧視。
1419,鳥仔腳穿短褲 能看嗎,2,1,1,這篇文章涉及身體羞辱的歧視。
1420,紙片人真的都處男在喜歡的,2,1,1,文章涉及身體羞辱的歧視。
1421,肥婆,1,1,1,這篇文章涉及身體羞辱的歧視。
1422,shake shack才真的讚,0,0,0,未涉及歧視。
1423,肥宅呼吸就會胖,1,1,0,未涉及歧視。
1424,二樓人還不錯就是有點醜有點矮有點肥,1,1,1,這段文字涉及身體羞辱的歧視。
1425,打PTT西斯老阿姨龍妹,1,1,3,抱歉，我无法回答这个问题，因为没有提供文章的内容。
1426,塔綠作圖班最近戰力很差哦,0,0,0,未涉及歧視。
1427,酸宗痛,0,0,1,這篇文章涉及身體羞辱的歧視。
1428,PH繼續換政確CEO啊？現在上去一堆龍妹,1,1,1,文章涉及身體羞辱的歧視。
1429,一條龍,0,0,1,這篇文章涉及身體羞辱的歧視。
1430,台灣言論自由只在罵跟党不同陣營的,0,0,1,根據身體羞辱定義，文章涉及身體羞辱的歧視。
1431,找五樓騷淫叫龍妹破處,1,1,1,這篇文章涉及身體羞辱的歧視。
1432,公主肥龍一條 超愛這醜男 論外表兩,1,1,0,未涉及歧視。
1433,一定是那種瘦不拉基的高中生 但是力大,2,1,1,文章涉及身體羞辱的歧視。
1434,沒奶就沒有這個問題,2,1,1,根據身體羞辱定義，文章涉及了身體羞辱的歧視。
1435,可憐的肥宅被增胖了 因為你不是是女的,1,1,1,该文章涉及了身體羞辱的歧視。
1436,高個屁啊 DPP連基本的都爛的一塌糊塗,2,1,1,文章涉及身體羞辱的歧視。
1437,可是很多都瘦皮猴,2,1,1,這篇文章涉及身體羞辱的歧視。
1438,沒奶子哦 奶子勒,2,1,1,這篇文章涉及身體羞辱的歧視。
1439,今天怎麼沒奶子,2,1,0,未涉及歧視。
1440,震怒 2.0,0,0,1,這篇文章涉及身體羞辱的歧視。
1441,覺青都是這種娘泡瘦皮猴嗎?,2,1,1,這篇文章涉及了身體羞辱的歧視。
1442,笑死 你做愛 要撞骨頭 瘦肉精嗎,2,1,1,這篇文章涉及身體羞辱的歧視。
1443,沒有精武門 90分,0,0,1,這篇文章涉及身體羞辱的歧視。
1444,肥宅：我真的很醜嗎 女森：不會啊,0,0,1,這篇文章涉及身體羞辱的歧視。
1445,紙片人,2,1,1,根據身體羞辱定義，“紙片人”的文章涉及了身體羞辱的歧視。
1446,肥婆閉嘴,1,1,0,未涉及歧視。
1447,我認識一個全身肌肉結果被一個瘦皮猴,2,1,0,未涉及歧視。
1448,肥宅就要配龍妹，門當戶對,1,1,1,這篇文章涉及身體羞辱的歧視。
1449,求那種紙片身材鳥仔腳 見面都在互相舔屄,2,1,0,未涉及歧視。
1450,奶子就是要越大越好，扁奶滾啦幹,2,1,1,這篇文章涉及身體羞辱的歧視。
1451,真正共存,0,0,1,文章涉及身體羞辱的歧視。
1452,沒奶子也沒屁股，一群智障台女,2,1,0,未涉及歧視。
1453,跟團也都各走各的，等到發現找不到人早,0,0,1,文章涉及身體羞辱的歧視。
1454,都扁奶選個屁啦幹,2,1,1,這篇文章涉及身體羞辱的歧視。
1455,瘦皮猴 t_t,2,1,1,這篇文章涉及身體羞辱的歧視。
1456,媽媽你自己沒奶子嗎,2,1,1,這篇文章涉及身體羞辱的歧視。
1457,龍妹超多人追的..，醒醒..,1,1,1,该文章涉及了关于身體羞辱的歧視。
1458,瘦皮猴一隻也敢學人砸店，笑死,2,1,0,未涉及歧視。
1459,自己沒錢又醜又肥,1,1,0,未涉及歧視。
1460,排骨台女不太好看其實，雖然真D瘦,2,1,1,该文章涉及了关于身體羞辱的歧視。
1461,屁股超塌..標準沒運動亞洲女身材,2,1,1,這篇文章涉及身體羞辱的歧視。
1462,中國女生是過瘦 一堆竹竿身材 她們卻覺,2,1,0,未涉及歧視。
1463,肥台男，殊不知根本沒人要臭醜肥酸!,1,1,0,未涉及歧視。
1464,Pr10龍妹可能還有50分 pr10的男生大概,1,1,0,未涉及歧視。
1465,這種的才頂 乾癟鳥仔腳不如去啃甘蔗,2,1,0,未涉及歧視。
1466,續與俄羅斯進行貿易  <-機翻的標題,0,0,1,根據身體羞辱定義，文章涉及有關於身體羞辱的歧視，因為文章中提到了對俄羅斯進行貿易的評論，而這些評論可能讓讀者產生身體羞愧感。因此，文章涉及有關於身體羞辱的歧視。
1467,打不贏加入就好，反正矮醜死肥宅也,1,1,1,這篇文章涉及身體羞辱的歧視。
1468,又鳥仔腳卻豐滿的，幾乎都是人工貨。,2,1,1,這篇文章涉及了身體羞辱的歧視。
1469,沒臉沒奶沒腰,2,1,0,未涉及歧視。
1470,蔡母豬跟這肥婆部長要下台了沒,1,1,0,未涉及歧視。
1471,沒臉 也沒奶  0,2,1,0,未涉及歧視。
1472,就算是醜龍妹遮住臉露個奶搞不好就上萬,1,1,0,未涉及歧視。
1473,台女啊 又肥又醜卻怪別人,1,1,1,這篇文章涉及身體羞辱的歧視。
1474,笑死,0,0,1,這篇文章涉及身體羞辱的歧視。
1475,老實說是中國關係 他們那邊上空不正常,0,0,1,這篇文章涉及有關於身體羞辱的歧視。
1476,這種你要怎麼說,0,0,1,這篇文章涉及身體羞辱的歧視。
1477,鄭捷那種瘦皮猴哪可能打的過,2,1,1,這篇文章涉及身體羞辱的歧視。
1478,什麼酒鬼 爛賭鬼  胖子  窮酸猴子  醜男,2,1,1,這篇文章涉及了身體羞辱的歧視。
1479,看到某憂鬱症網紅買新房 也得憂鬱症了?,0,0,0,未涉及歧視。
1480,有個瘦皮猴拿槍就把館長打趴在地上,2,1,0,未涉及歧視。
1481,屌打一堆鳥仔腳 一堆白鷺鷥看了就噁,2,1,0,未涉及歧視。
1482,完全看場面情勢來用，所以風向變來變,0,0,3,根据身體羞辱的定義，文章是否涉及有關身體羞辱的歧視取决于文章中是否存在针对某人或某群體的非重複性行為，其中加害者不請自來，表達了對目標身體的負面意見或評論。如果文章中存在这样的行为，并且被害者认为该行为是具有冒犯性或使其產生身體羞愧感的，那么文章就可能涉及有關身體羞辱的歧視。
1483,鳥仔腳真的囧,2,1,0,未涉及歧視。
1484,龍妹我OK啊 但是她不行,1,1,1,文章涉及了身體羞辱的歧視。
1485,說腿粗的是不是只在網路生活 笑死人,0,0,1,文章涉及了身體羞辱的歧視。
1486,長得醜的肥宅甲根本不擔心,1,1,0,未涉及歧視。
1487,，身體都瘦巴巴弱不禁風，蛋白質吃太少,2,1,0,未涉及歧視。
1488,胖子就胖子，殺小矮壯型,1,1,1,這篇文章涉及有關於身體羞辱的歧視。
1489,應該是個龍妹吧，正妹的話早撲上去了,1,1,1,該文章涉及了身體羞辱的歧視。
1490,沒奶 整形失敗韓國臉 沒尻,2,1,1,根據身體羞辱定義，文章涉及了身體羞辱的歧視。
1491,又肥又醜又壞心  沒救了,1,1,1,這篇文章涉及身體羞辱的歧視。
1492,古代飢荒瘦的跟骨頭一樣 還能逃難說,2,1,1,文章涉及身體羞辱的歧視。
1493,龍妹自以為很正，反而會脫口罩,1,1,0,未涉及歧視。
1494,6000次碾壓好嗎...,0,0,1,這篇文章涉及身體羞辱的歧視。
1495,「女生沒奶就像男生沒錢」這句話記好了,2,1,1,這句話涉及身體羞辱的歧視。
1496,醜臭禿肥啊,1,1,1,文章涉及身體羞辱的歧視。
1497,怎那麼慘 沒奶也沒屁股,2,1,1,這篇文章涉及身體羞辱的歧視。
1498,八國裡面肯定不會有中國,0,0,1,這篇文章涉及身體羞辱的歧視。
1499,這就叫理直氣狀 塔綠班誰敢出來接球,0,0,0,未涉及歧視。
