,userID,tag,content,date,year,label
0,daydreamer13,→,建築物蓋到一半會要追加兩倍以上預,07/23,2022.0,0
1,ezafine,噓,噁心,05/11,2022.0,0
2,CycleEnergy,推,太重的瘦皮猴會舉不起來,11/29,2021.0,2
3,Sam717,推,嬯婊一堆肥婆,06/06,2022.0,1
4,vajra0001,推,沒奶的妹子 就沒商量,03/17,2022.0,2
5,ecchi,→,寫歌和寫作是兩回事,12/27,2021.0,0
6,milk517258,推,胖子可以變瘦 矮要變高就難了,01/31,2022.0,1
7,yw1002,→,藍的已經麻痺了吧 死豬不怕滾水燙,12/23,2021.0,0
8,kt40,→,157肥肚你想看喔,05/04,2022.0,1
9,Howard61313,→,感會比較大呢,03/09,2022.0,0
10,beaukevin,推,印度男人到底有什麼問題,04/16,2022.0,0
11,toshizo,→,安檢是肥缺嗎？,12/16,2022.0,0
12,StylishTrade,推,已經分裂啦 還好有老蔣 把他統一了,05/18,2022.0,0
13,cms6384,推,沒奶 沒腿,09/13,2021.0,2
14,alex00089,→,竹竿身材,12/11,2021.0,2
15,marknm,→,完蛋...500萬,08/18,2022.0,0
16,ChikanDesu,→,了,12/05,2022.0,0
17,pytzog,推,肥婆會怕了齁,04/07,2022.0,1
18,teleportcat,推,太可愛了吧 那個肥腿 我好了,03/04,2022.0,0
19,kiopl,→,龍妹奶很大你很想看嗎？ 請洽惡魔旅館,05/08,2022.0,1
20,cloud1030,推,台灣就紫卡倉管,12/29,2022.0,0
21,TaiwanKimchi,推,沒奶就算了 連翹臀也沒有,01/08,2022.0,2
22,shazuei,推,當年連軍校都搶破頭 能考上警專算很猛了,02/12,2022.0,0
23,chocopoodle,→,在意個肥婆開條件不知道要幹嘛,01/27,2022.0,1
24,F91,→,爸媽當肥羊花大錢救回台灣 結果被肥婆騙砲,08/08,2022.0,1
25,superyou,推,肥短腿,03/18,2022.0,1
26,howardyeh,→,她由黑變白，蘿蔔腿變鳥仔腳，人家其實,01/26,2022.0,2
27,kuijun228,推,我會 畢竟你不知道哪一次司機沒過勞,11/11,2022.0,0
28,VVizZ,→,沒奶子不可以,09/06,2022.0,2
29,soulivee,推,不給幹處女正妹 vs 榨汁機龍妹才有得比,09/25,2021.0,1
30,fishclamp,推,生老病死，一路好走,11/19,2022.0,0
31,milkBK,推,就那種打不贏瘦皮猴拳手的人啊,04/20,2022.0,2
32,j022015,推,:ＸＤＤＤＤＤＤＤＤＤＤＤＤＤＤＤＤＤＤＤＤＤＤＤＤＤＤ,10/19,2011.0,0
33,peiring,→,脂肪肝跟體重沒一定，我認識好幾個紙片人,01/02,2022.0,2
34,dogmax,噓,:銀正雄寄遺書回家表示厭世自殺家人報警查詢,09/13,2013.0,0
35,HONNE,噓,你去話火節會想找龍妹嗎？同理可証！,04/29,2022.0,1
36,belister,噓,沒奶又沒屁股,07/03,2022.0,2
37,gamma8902,噓,所以之前是在凹什麼,08/09,2022.0,0
38,karpa,→,"要注意你說的是平均,不是娶刁女或龍妹",09/13,2021.0,1
39,lin5656,推,超討厭黃，醜貓胖貓,01/24,2022.0,0
40,eason10,→,人家肥宅至少懂得藏拙，一堆台女肥醜就,01/09,2022.0,1
41,wonder007,推,不然龍妹會常常遇到怪人搭訕嗎,05/31,2022.0,1
42,a114261,推,誰知道肥宅會不會嫖妓 醜又人品差才慘,12/18,2021.0,1
43,fan5566,→,你同學是不是矮矮胖胖的,12/07,2021.0,1
44,SiLlYWanKer,推,都不知道原來阿塵這麼龐大,05/20,2022.0,0
45,Clieff,推,粗暴言論 duck不必,04/10,2022.0,0
46,khalid,→,"是贏了,但也瘦到皮包骨差點DQ,還好最後階",06/20,2022.0,2
47,yakifone,推,內行啊，改開F8F對戰烈風啊,06/20,2022.0,0
48,Murasaki0110,推,肥婆走開 小熊我可以10次,09/03,2022.0,1
49,kid1a2b3c4d,推,這就是偷沒錯啊= =,11/13,2021.0,0
50,King5566,→,鳥仔腳退流行了,09/26,2022.0,2
51,stlevi811101,→,你想臭九妹齁 他那個肥肚,07/10,2022.0,1
52,rasen9,→,就搶著舔了 一堆龍妹也跩個258萬的,10/25,2022.0,1
53,gaba000,推,心機肥婆港女養的吉娃娃,06/13,2022.0,1
54,terrykoc,→,架肌肉對抗力量差太多了,12/11,2022.0,0
55,redcarp0702,推,笑死 硬要開大型施打站 結果其他縣市,06/01,2022.0,0
56,mytoychiu,推,那個水桶腰 別騙我 這隻是豬吧,06/22,2022.0,1
57,EEzionT,推,他沒來你準備娶龍妹  巴結一點,09/24,2021.0,1
58,ufowilliam,→,肥胖 超噁心,03/18,2022.0,1
59,wwvvkai,→,怎麼都沒奶子,10/20,2022.0,2
60,forhorde5566,推,龍妹傳給你的訊息你不讀，也很浪漫?,10/18,2021.0,1
61,BaGaJohn5566,推,科技業啊  一堆醜女都有辦公室肥宅,09/04,2021.0,0
62,gebaho,→,沒奶子,09/11,2021.0,2
63,elwyn,推,扁奶醜女,05/27,2022.0,2
64,seuil,→,瘦皮猴最愛秀腹肌了 體能超弱的一堆,10/24,2021.0,2
65,dtdon1699,→,他沒得篩的出嗎 笑死人,04/30,2022.0,0
66,dsce,推,DPP都很喜歡洗別人是草包,11/29,2022.0,0
67,ssmm5566,推,他有做事嗎？新竹一直塞,07/13,2022.0,0
68,milk830122,推,反觀那個手在抖的,02/16,2022.0,0
69,pswen,→,友，就算很醜的也有男友所以跟肥沒關係吧,07/15,2022.0,1
70,espresso1,推,應該沒人敢送上瘦巴巴的鳥,07/04,2022.0,2
71,eason10,→,(〒︿〒),04/10,2022.0,0
72,JayceYen,→,死肥豬真弱智,08/09,2022.0,1
73,d89413208,推,瘦排骨,09/15,2021.0,2
74,zzyyxx77,→,winamp,01/08,2022.0,0
75,laihom0808,推,劉德華一直都說是中國人，立場又沒變,01/03,2023.0,0
76,eco100,推,紙片人路跑 紙片人烤肉大會 紙片人大胃王比賽 紙片人....,06/04,2015.0,2
77,hide0325,→,這種比較胖 矮 個性溫馴,12/10,2021.0,1
78,achun1212,→,車主應該是8+9瘦皮猴？,03/31,2022.0,2
79,visviva,→,原代理沒去招標？,05/04,2022.0,0
80,JayceYen,推,死肥豬,08/09,2022.0,1
81,OomaybeoO,推,沒奶 給推但沒興趣,02/14,2022.0,2
82,morris,推,側翼真的是藉口 中央執政太爛黑道縱橫,11/27,2022.0,0
83,Joker3,→,你知道全能住宅後來多起官司糾紛嗎?,12/29,2021.0,0
84,cccc1730,推,有瘦皮猴混在裡面了 恥辱啊,05/06,2022.0,2
85,yiyin330,噓,最好是長相普通,04/29,2022.0,0
86,february2,→,國人跟都矮矮瘦瘦扁扁的,07/30,2022.0,2
87,polyasia,→,上的問題,12/23,2021.0,0
88,JustWinslow,→,還互動六個月 笑死 龍妹智商,05/17,2022.0,1
89,koromo1991,→,到底誰會選隻瘦皮猴,09/29,2022.0,2
90,edweepvp,推,腿粗也是有一定行情好嗎 又不是每個都,10/08,2021.0,0
91,iwilltry,推,那江大胖屬實的話也太噁了吧,08/25,2021.0,0
92,gx8759121,→,你可以伸進肥宅的屁股感受一下,09/26,2022.0,1
93,OPWaug,推,狗娘肛門生的國民黨髒蛆跟死肥豬支持者快找理由啊哈哈,09/16,2014.0,1
94,TaiwanUp,→,有些人完全狀況外還可以大言不慚罵蠢蛋,08/07,2022.0,0
95,AustinRivers,推,ee.肥婆....表示,09/20,2022.0,1
96,UGLYLOSERS,推,長得又醜又肥就不會被強姦了,04/28,2022.0,1
97,taboothorn,→,們這些共匪高官在搞事情，只出一張嘴,06/12,2022.0,0
98,owlman,推,是合理啦 紙片人最好拉得住哈士奇,10/27,2021.0,2
99,yuta02,噓,低能兒死肥豬,01/02,2022.0,1
100,leoptt10,推,廢話 肥宅整天幻想結果自己跟醜肥甲一,04/13,2022.0,1
101,yoyoyo916,噓,又是這肥婆,08/17,2022.0,1
102,ASUSboy,噓,看到基進基本上就知道是認知作戰了,01/05,2023.0,0
103,DIVIS,→,去鄉下一堆未成年黑衣瘦皮猴+9成群結隊,12/27,2021.0,2
104,P00832129,噓,這種體重在八卦版是紙片人等級,11/15,2021.0,2
105,TexasFlood,→,沒奶子沒黏著度,07/19,2022.0,2
106,chubby31190,推,那個女演員是誰啊,07/15,2022.0,0
107,benptt,→,肥宅醜鬼,02/28,2022.0,1
108,greedypeople,→,不只有男友  而且又胖又醜又不有錢  超崩潰的,10/27,2015.0,1
109,fransice7,噓,貧乳沒奶子滾,09/17,2022.0,2
110,g29186280,→,續抽我的，沒錢看你能怎樣，科科,11/11,2022.0,0
111,kosuke,→,本板標準 鳥仔腳=身材好,09/05,2021.0,2
112,stratege,噓,很明顯你是想酸海線死胖子大甲豬肥標吧,11/07,2021.0,1
113,ePaper,→,我妹是雙胞胎 36歲了 都是肥婆 你說呢,08/24,2022.0,1
114,jackythere,推,骨頭的形狀都看的到，這太瘦了,01/15,2022.0,2
115,micoun828,推,蝙蝠洞壽山,08/12,2022.0,0
116,snake7222,推,有點希島的感覺，沒奶秀屁股，我十分可,08/17,2022.0,2
117,opfish,推,又肥又胖吃很爽那就是豬仔明,06/01,2022.0,1
118,leotompp,→,韓國小眼睛小鼻子..阿本腿很粗@@,06/03,2022.0,1
119,babyiris,推,這變瘦而已啦，鼻骨有化妝打亮,01/25,2022.0,0
120,HayamaAkito,推,太瘦 那個骨頭撞到不蘇胡,07/04,2022.0,2
121,Linsanity017,推,Q,02/08,2016.0,0
122,purine5566,推,南部人又肥又醜可撥,11/03,2021.0,1
123,yeh67,推,肥婆倒退嚕，路不平，愛河又變臭了,11/01,2016.0,1
124,speann,推,:推,07/20,2013.0,0
125,crimson11,推,想想被龍妹纏上表白的感覺好嗎 能不能,01/02,2022.0,1
126,lifeishit,推,明明就瘦皮猴什麼美臀,10/17,2021.0,2
127,RONC,→,3.0的microusb真的是很搞笑的接口,07/14,2022.0,0
128,Jeff911,噓,朱胖才沒有玩屁眼這種噁心事,10/28,2022.0,1
129,tinghsiao,推,死肥豬沒救了,08/30,2022.0,1
130,O300,推,可以說不正常ㄚ 就像肥宅兒過胖也是不正常,01/01,2022.0,1
131,makki,→,好在半夜在路上走有少數路人但都看起來蠻正,07/17,2022.0,0
132,st86188go,推,疫粉777,01/08,2023.0,0
133,new1974,噓,瘦妹看著舒服，抱著都骨頭，本來就難兩,02/06,2022.0,2
134,johnson44,推,看到瘦皮猴拿球棒，樓上的都會幫忙吧,09/05,2021.0,2
135,YesNoter,噓,肥婆退散,12/16,2021.0,1
136,nbg23456,推,推,09/16,2017.0,0
137,utamaru,推,暖,05/27,2022.0,0
138,x7834210,→,腿粗 用力抱,11/29,2021.0,1
139,johnhmj,→,手 電 筒,01/10,2022.0,0
140,ThunderOKC,噓,投訴的地方肥肚悲憤媽媽身材才不堪入,10/01,2021.0,1
141,kurtsgm,推,比我的腿還粗是怎樣...,12/08,2021.0,1
142,ptt1979,推,catchy,04/04,2022.0,0
143,neverlin,→,加一加最多150w，以上不含螢幕耗電，所,12/14,2021.0,0
144,keria,推,這圖一針見血啊！,07/18,2022.0,0
145,ponchicha,噓,噁心,09/06,2022.0,0
146,juju1019,推,她本身瘦、骨架小，才顯得成員較胖,04/18,2022.0,1
147,vul3vmp4,噓,182/70 這根本排骨精 男人瘦成這樣很難,07/09,2022.0,2
148,KadourZiani,噓,說太瘦會撞到骨頭得是老二太短吧。目,08/12,2022.0,2
149,cheap3c,推,民進黨金主很不方便,06/26,2022.0,0
150,poasdm,噓,:,12/01,2021.0,0
151,yongguo,推,前前女友就是那種瘦的，然後也沒奶，撞久,02/03,2022.0,2
152,OPPAISuki,推,沒奶子炒飯很常見,08/30,2021.0,2
153,rommel1990,推,一丘之貉,03/24,2022.0,0
154,stlevi811101,→,沒奶子就下去洗碗好嗎 幹,06/05,2022.0,2
155,Qoofate,→,媽的 我們這區男的都很瘦 胖妹多是怎樣,12/15,2021.0,1
156,orcadan,→,早期傑尼斯那種瘦排骨也是一樣歸類在精,03/04,2022.0,2
157,noah23,→,你有在看嗎= =,01/23,2022.0,0
158,asole,噓,舔中肥婆滾,11/24,2021.0,1
159,aaa89359,推,我朋友說會痛,01/12,2022.0,0
160,zkowntu,→,然後大陸官方也不希望Jessica奪冠,08/08,2022.0,0
161,crimson11,→,因為肥宅醜啊,02/01,2022.0,1
162,vn506695,推,看過20歲的蔡本人，黑瘦扁，鼻子塌圓臉,08/24,2022.0,2
163,Noobungas,→,瘦巴巴奶這麼大？,02/20,2022.0,2
164,greg7575,推,有的妹沒奶頭的話也沒辦法分正反面,02/07,2022.0,2
165,wuwaiter,→,不太好的含意(尤其是北方的人比較介意，,10/03,2022.0,0
166,yuzukeykusa,→,我們吃很多蚵仔料理,07/12,2022.0,0
167,greg7575,→,扁奶妖怪,04/04,2022.0,2
168,l2272,噓,死肥豬,04/24,2022.0,1
169,wert22823,推,甜不辣手,07/01,2022.0,1
170,allyourshit,噓,死肥婆去減肥,01/24,2022.0,1
171,abccat0520,推,你不能,05/06,2022.0,0
172,peace1way,→,乎都是鳥仔腳，不信妳去國小國中看，大了就不一定了,10/01,2015.0,2
173,iPolo3,噓,龍妹嘔嘔嘔嘔嘔嘔嘔嘔嘔嘔嘔嘔嘔,09/25,2021.0,1
174,Qkirito,推,沒臉可露奶 沒奶可cosplay露腿 男可偽娘,05/18,2022.0,2
175,justboa,推,溫你媽啦 操！廢到笑,11/29,2022.0,0
176,verypower,→,只是可能偏瘦 有點排骨精的感覺,11/24,2022.0,0
177,plutox,→,有些熟店如果是店內價用優惠的確會更便宜,07/09,2022.0,0
178,BOSSHUN,推,還好沒開盤，盤中出消息跌九千點不得了,11/27,2021.0,0
179,iqqi4200,推,肥宅你醜到我了,06/13,2022.0,1
180,keyman616,→,"男生哪有只要大奶就好,龍妹一堆大奶",09/28,2021.0,1
181,willieSin,→,8+9看到對方身材就不會恐嚇說不准報警,11/12,2021.0,0
182,lupolewis,→,整天喊抗中保台 能可瘦到皮包骨也,11/22,2022.0,2
183,l42857,噓,瘦的和皮包骨一樣,06/11,2022.0,2
184,steven24205,推,零用錢而已,12/26,2021.0,0
185,b2233a44,→,都你害的 你當然說向前看,10/14,2022.0,0
186,brianuser,推,紙片人膩,01/21,2022.0,2
187,OomaybeoO,→,你覺得是龍妹 那就不要把他當異性對待,10/25,2022.0,1
188,ImBBCALL,推,但醜萌也不錯 養的肥肥的都可愛啦,03/06,2022.0,1
189,brianuser,→,其實我覺得肥宅都是吃飯胖的啦,11/23,2022.0,1
190,yuyun0724,推,反正中國韭菜割不完，只吃樹皮也要侵略,02/27,2022.0,0
191,searchmark,噓,瘦皮猴幹嘛運動,07/16,2022.0,2
192,AlenCKH,→,茶妹要面對的醜怪臭肥宅也更多，這哪有,12/10,2021.0,1
193,chean1020,→,，偏偏腦破選個心機肥婆KYT，老媽還袒,05/04,2022.0,1
194,faelone,→,唬爛吧，這肥婆憋氣七分鐘?,11/05,2022.0,1
195,WowProctor,推,:拉板凳就位了~,05/31,2011.0,0
196,louiskuo,→,國師有算到自己胖的像豬嗎,08/17,2022.0,1
197,godofaluba,推,鳥仔腳   不好看,05/05,2022.0,2
198,k5a,推,17歲刁煙的瘦皮猴 跑超快好嗎？最開始他還閃,07/02,2022.0,2
199,terry955048,→,已經夠瘦是要減什麼，想當紙片人？,01/11,2022.0,2
200,jokerming847,→,龍妹不減肥還覺得別人對不起她==,07/11,2022.0,1
201,Ponimp,推,心裡深處愛著你,02/03,2022.0,0
202,VVii,推,性向變態的胖子真的噁心 家庭教育很重要,08/20,2022.0,1
203,tina5u5205,推,只要你想就去問阿,12/15,2021.0,0
204,jemlin,→,人受害，文青消費者多花點錢買到心理充實,06/20,2022.0,0
205,Mayinggo,→,女同志真的都不太優 看右1那個沒臉沒奶,09/04,2021.0,2
206,sareed,→,矮子吧 矮又胖 那會更難看 矮子會比較注意,08/27,2021.0,1
207,eddiego,噓,4叉貓超噁心的，甲胖子又愛自拍,06/15,2022.0,1
208,yukihira,推,這種才棒 鳥仔腳提不起勁,03/02,2022.0,2
209,vking223,→,宅男肥肚=臭，噁，滾~,10/13,2021.0,1
210,lavign,推,中鳥仔腳 日O型腿 韓很假怪,08/26,2021.0,2
211,pchome321,推,電子部隊為國爭光,12/07,2021.0,0
212,fransice7,→,波多野結衣 剛出道大軟奶 後期肥大腿,09/29,2022.0,0
213,Maisie,推,一群爛咖,01/31,2022.0,0
214,aswin12000,→,又肥又醜又轉性，完全不知道美在哪,11/12,2022.0,1
215,pinhanpaul,推,肥婆吧,11/26,2022.0,1
216,olivewood,→,這個太像骷髏人了，無法,03/25,2022.0,2
217,sm3bp078,推,沒奶=沒有流量,09/17,2022.0,2
218,xhung,推,老闆不爽不要吃,02/17,2022.0,0
219,a7788783,→,肥宅肚沒有適合的防彈背心尺寸,02/27,2022.0,1
220,mow1982,→,窮人少子化買不買房，不重要,10/21,2022.0,0
221,cocaineweed,→,商標美學的問題,11/14,2022.0,0
222,JC910,→,上半身跟非洲難民一樣瘦,01/11,2022.0,2
223,hipolymer,→,年終喔～,01/16,2022.0,0
224,s130350,→,一個沒屌一個沒奶怎麼在一起,11/16,2022.0,2
225,eric2016,→,中年肥宅矮醜只能血汗高薪回收破貨,04/21,2022.0,1
226,blakespring,推,龍妹是什麼原因排最後？不好看而已,09/13,2022.0,1
227,kimfor,推,和平統一的可能性只有中國民主化，然後你,10/16,2022.0,0
228,bathilda,→,沒奶子沒屁股腿短，怎麼練？？？,08/27,2021.0,2
229,xxx5566xxx,噓,幹，奇異博士二裡面有小奶肥婆,05/06,2022.0,1
230,wind1729,推,館長瘦皮猴喔,11/15,2022.0,2
231,tommy1014,噓,肥婆在睡啦,05/06,2022.0,1
232,blue999,推,8+9爛工作沒身材沒學歷  還不是結婚生子,08/29,2021.0,2
233,XristianBale,推,正妹加分，龍妹請別穿無袖謝謝,03/21,2022.0,1
234,sugizo0,推,對了，神豬，都是處男,02/24,2014.0,1
235,sellgd,→,我也是點這麼多 老闆說:你紙片人就吃這點?,09/25,2021.0,2
236,sellgd,→,瘦排骨身材是贏過女性嗎?,10/29,2022.0,2
237,ja881213,推,最近有些女優都太瘦了 肋骨都跑出來QQ,04/18,2022.0,0
238,requan,噓,肥婆神棍，幹,06/17,2022.0,1
239,eric73923,推,瘦皮猴還跟人學流氓 笑死,09/05,2021.0,2
240,RW2010,推,台灣值得更好 不要再讓藍綠掌控了,11/11,2022.0,0
241,q34355997,推,沒茶味沒奶味代表對了 自己泡過就知道,11/01,2021.0,0
242,sheep0121,推,比腿還粗,10/18,2022.0,0
243,aq981334,→,屁股圓就行了，不要是扁的或塌的,02/01,2022.0,2
244,xuein,推,大腿很粗的，會被霸凌嗎？,10/10,2022.0,1
245,KaWaii,噓,又肥又醜,11/23,2022.0,1
246,binco,噓,肥宅那中年肥肚有臉說人家XD,08/14,2022.0,1
247,plunkett,→,是因為山豬在刮 所以你也跟著刮嗎,02/03,2022.0,0
248,jasonpig,→,所以才走到公投這步逼民進黨繼續完成,11/16,2021.0,0
249,carryton,推,有些胖子人格真的很噁心,07/14,2022.0,1
250,hcc570910,→,阿北可以告セクハラ,07/20,2022.0,0
251,noyesray,噓,回樓上 噁女龍妹摸你會爽嗎,03/29,2022.0,1
252,LtoM722,→,？？,01/27,2022.0,0
253,Beckhan,推,一定是陸客！台客才不會這樣！,04/07,2022.0,0
254,scum5566,噓,沒奶子 根本不想看,10/25,2022.0,2
255,sculp,→,她不喜歡吃東西，瘦成皮包骨，96歲才走,05/23,2022.0,2
256,dabalax,→,活在這世上沒意義了!!我要去找tai大恐龍妹安慰了.......,05/19,2021.0,1
257,cocono2,推,9樓，深綠真的很吃這種蠢操作，就如同他,08/05,2022.0,0
258,frank2002,推,可憐的瘦皮猴，拿根棒子就以為打得贏嗎,10/05,2022.0,2
259,iohan,噓,你沒奶子還不是照樣會嘴人奶小,04/22,2022.0,1
260,crimson11,噓,死龍妹肥婆,08/29,2021.0,1
261,brendani,→,是這次非缺電不是嗎,03/14,2022.0,0
262,aids893001,推,普妹龍妹都馬一堆信,01/26,2022.0,1
263,wilson3435,推,1個美女vs72個龍妹,08/31,2021.0,1
264,usxuk0130,推,摳 醜 臭 無聊 肥 大概是以上原因,11/10,2021.0,1
265,crimson11,→,不要吃 像難民那樣 不瘦也難,11/25,2021.0,2
266,rick6304,→,你自己想阿 肥婆買晚餐給你 你吃得下?,09/03,2022.0,1
267,cauliflower,→,原來你是紙片人,05/03,2022.0,2
268,mig,推,你看爬那些小百岳還是一般步道的，一堆肥肚,12/29,2021.0,1
269,cybercommand,→,內心自卑看什麼都覺不公平,02/11,2022.0,0
270,PrinceKanto,→,不可能,10/04,2022.0,0
271,onewalker,推,:司法已死,09/11,2013.0,0
272,Jade3P,推,廢物瘦皮猴以為拿著球棒就屌大 笑死人,09/05,2021.0,2
273,kaodio,→,沒奶的沒人在乎,05/04,2022.0,2
274,leafshot,推,肥婆 滾吧,03/03,2022.0,1
275,coffee112,→,一些女森都說她那麼瘦好好很骨感 呵呵,07/10,2022.0,2
276,lecheck,推,路怒症 千萬別上路 考照人間悲劇,03/05,2022.0,0
277,icou,噓,哪來的非洲難民 太瘦了吧,12/01,2022.0,2
278,musicaledio,噓,我是來看肥婆龍獸的，你貼女神幹嘛,01/05,2022.0,1
279,Broyz,推,潤，太妍這骨頭人了吧...瘦過頭,09/14,2022.0,2
280,Laurara,→,男人婆 肥婆 低薪 統統看不上眼..,09/01,2021.0,1
281,derrick1220,→,沒錢沒奶就滾,05/02,2022.0,2
282,ILoveKMT,推,小腿很粗 那種矮肥男吧,02/05,2022.0,1
283,birdy590,→,沒辦法 韓團都是十幾歲開始操練 要練到,12/15,2022.0,0
284,kairi,噓,噁心肉胖子,05/02,2022.0,1
285,LKKG,→, 你沒看有個肥婆說了一輩子還下跪,08/15,2022.0,1
286,hitomi47,推,扁奶嘔嘔嘔,10/15,2022.0,2
287,y932987,推,綠網軍真的噁心 連自己人都忍不了,05/28,2022.0,0
288,haoto,推,心機周刊不意外 難怪收一個心機肥婆,12/12,2014.0,1
289,rapnose,→,我覺得鳥仔腳比較恐怖。,03/02,2022.0,2
290,papapapa5566,噓,問a答b，這種腦子可以當防疫指揮官,11/22,2022.0,0
291,YesNoter,噓,腰好粗,07/02,2022.0,1
292,zhutou,→,上面網址是斷骨術後  那雙腳也太瘦了,07/12,2022.0,2
293,onedaymor,推,出來打球,02/07,2022.0,0
294,ru04hj4,推,沒奶就沒奶 津貼有用喔,04/13,2022.0,2
295,pizzafan,推,對呀~ 都沒有人出來負責 KMT笑呵呵!,10/16,2022.0,0
296,wolfwolf,→,19是什麼難民身材,10/20,2021.0,2
297,NCTUEE800808,推,人帥直接摸 人醜是肥宅 O.o,12/21,2021.0,1
298,Qinsect,→,哈哈，密你的是本油垢臭醜惡肥宅啦,11/06,2022.0,1
299,ssisters,推,彰化三兄弟紙片人 殘疾無法工作 疫情沒,07/04,2022.0,2
300,albertfeng,推,T大部分都很醜連肥宅都不想吃,07/29,2022.0,1
301,emega,推,你沒問龍妹 ...,04/30,2022.0,1
302,smartony,→,會不會拿到龍妹的,11/22,2022.0,1
303,Bujo,→,又老又胖又醜又像塊還沒更切的叉燒,09/20,2022.0,1
304,andytaso,→,算了 摸沒奶子不如摸我自己,10/25,2022.0,2
305,Dcwei,推,可惜不是那隻又醜又壞又肥的甲,10/11,2022.0,1
306,Misscat16868,→,雜碎就是想全拿不給人活,06/21,2022.0,0
307,ubcs,推,肥肚可愛,08/12,2022.0,0
308,DrizztMon,推,沒錯 要不是現在洗腎健保,01/22,2022.0,0
309,olaqe,推,笑死 當初本版多少人挺柯羞辱連勝文為神豬?,05/11,2022.0,1
310,idxxxx,→,紙片人國寶,09/13,2022.0,2
311,caity,推,"車牌都擋住了,欠罰",09/13,2022.0,0
312,twerk,推,底層瘦皮猴刺青8+9的日常,02/20,2022.0,2
313,tearness,噓,瘦皮猴89跟我說猛男？,03/04,2022.0,2
314,rock30106,推,"隔壁C洽搜尋關鍵字""蒂法""",01/20,2022.0,0
315,AFISH111,推,偷偷告訴你  不只外食  什麼都貴爆,10/03,2022.0,0
316,zxcv91039,→,材也直接變肥婆阿,10/23,2022.0,1
317,jehow,→,直接變難民身材,07/08,2022.0,2
318,mou5009,→,身邊 龍妹飛上天,09/01,2021.0,1
319,iamjojo,噓,自己看一堆反智言論在擔心 笑死,08/04,2022.0,0
320,exact,推,天津飯,01/21,2022.0,0
321,a0986188522,→,曾經做保全結論：之前的工作屎歸屎但,11/12,2021.0,0
322,kosuzu,推,震,10/10,2022.0,0
323,GGrunrundela,噓,他媽的就是胖導致堵塞辣 淦,11/07,2021.0,1
324,diabolica,→,哪有 明明一堆肥宅在嫌圖畫太醜,12/12,2021.0,1
325,ilove640,噓,你以為龍妹看得上肥宅逆,08/23,2022.0,1
326,nt880245,→,就像模特兒一堆紙片人  但不實用,01/23,2022.0,2
327,Syd,推,認識三個妹子母體全素都瘦巴巴的,01/16,2022.0,2
328,peterwu4,推,美國不搞以後，中國和日本倒是蠻積極的,01/14,2022.0,0
329,gotohikaru,→,肥宅一樣愛2D那種鳥仔腳好嗎,01/19,2016.0,0
330,jma306,→, 水手和鳥仔腳  比較有記憶,07/04,2022.0,2
331,NMBILL,推,風向不在自己這 就說對方有網軍==,01/12,2022.0,0
332,gerund,噓,死胖子黑道垃圾,11/11,2021.0,1
333,overall,→,奶大少婦才棒，比一堆瘦排骨有魅力多了,08/25,2021.0,2
334,linliu0624,噓,一堆肥婆 嘔嘔嘔,05/27,2022.0,1
335,aal,推,瘦皮猴嗎？手無縛雞之力,09/14,2022.0,2
336,gn134679,→,要死一起死，龍妹應該要抖出雞排負面,10/07,2021.0,1
337,prkfcpr,噓,沒奶子選屁,11/06,2022.0,2
338,iampig951753,→,認同,10/31,2021.0,0
339,LenardLee,→,她隊友都紙片人  所以她算最大,10/27,2022.0,2
340,Murasaki0110,噓,這腿根本龍妹,03/16,2022.0,1
341,cookiecloud,推,扁奶滾啦幹,09/02,2021.0,2
342,g9xuggf,噓,那你怎麼不去挑年紀大的龍妹 你太挑lol,04/10,2022.0,1
343,ilanese,推,八卦肥宅都是好人，只因長得胖？,10/28,2021.0,1
344,derrick1220,噓,就肥婆,08/18,2022.0,1
345,g8429310,→,一群無聊人士 是否該出來下跪道歉,07/21,2015.0,0
346,noname78531,推,不就海線死胖子 幹,09/03,2021.0,1
347,ihl123456,推,龍妹有些真的很值得投資,01/03,2022.0,1
348,Yude0109,噓,那屁股又扁又塌,07/16,2022.0,2
349,grandzxcv,推,扁奶/小G幹嘛穿胸罩/內褲,01/10,2022.0,2
350,wailman,→,這個比新冠抖，但竟然還是進來了。,06/24,2022.0,0
351,showdoggy,→,可能想拱下一個妹仔  雞龍妹 嘻嘻,10/07,2021.0,1
352,meta41110,→,凸( ﾟдﾟ)凸肥肚圖,03/03,2022.0,1
353,u9005205,→,肥宅瘦皮猴都要去當兵，每天都待命班就,08/24,2022.0,2
354,sisik,→,"讓你沒午覺可睡,爛連長吃得跟豬一樣胖,",10/29,2021.0,1
355,bumerang,→,台灣女孩兒只有醜死的鳥仔腳,01/23,2022.0,2
356,EXIONG,→,不就一個2d紙片人,09/25,2022.0,2
357,reines,推,肥版（4XX)女版（coX）兒童版（焦X),10/05,2022.0,1
358,qqppqp,噓,鳥仔腳只有處男才會說好看,10/04,2021.0,2
359,yellout,噓,不會罰球的肥豬笑死人,11/24,2022.0,1
360,jimmyliu1217,噓,幹你娘雞掰 桃園人衰洨出這個死胖子,01/23,2022.0,1
361,vickyshan,推,我爸柯總召，粗來輸贏啦,12/18,2022.0,0
362,winiS,→,觀光是貪汙肥婆的說詞，那路線本來就該挖洞,02/07,2022.0,1
363,DPP48,→,開了演唱會來看，沒奶又醜，歌又難聽，10,10/12,2021.0,2
364,gankgf,→,接下來是不是要進入空拍機數人頭環節,12/17,2021.0,0
365,jeng7722,→,移動迷宮那個才要隔離,05/06,2022.0,0
366,apa9394,→,有錢判生,11/12,2021.0,0
367,churrox,→,是消瘦 加班加到難民瘦那種也不好==,11/02,2022.0,2
368,allenthu,→,市長：我不清楚,10/22,2022.0,0
369,pkpkpk3426,噓,沒錯 處男都喜歡大奶龍妹啊,10/09,2022.0,1
370,BaRanKa,→,她這樣叫腿粗你是多喜歡竹干不健康腿,11/14,2022.0,2
371,cookiecloud,噓,都扁奶選個屁啦幹,11/07,2022.0,2
372,shine32025,→,肥婆看煙火的背影= =,10/14,2021.0,1
373,bullshit2,推,沒奶子,10/02,2022.0,2
374,exceedMyself,推,沒有什麼是中共同路人不能解決的,12/02,2021.0,0
375,takechance,→,結衣沒奶 沒有性慾,10/29,2021.0,2
376,leechiungyi,→,子，短肥腿賣自慰杯滾,06/14,2022.0,2
377,drmartens,→,現在只有+9妹會追求鳥仔咖了吧.....健,02/15,2022.0,2
378,F16V,→,中之人鳥仔腳,06/27,2022.0,2
379,lpmybig,噓,這個棉花糖肥婆87趴像 臉正還好 臉醜94肥,09/05,2022.0,1
380,htc10,→,白紙片人,11/29,2022.0,0
381,kogreece,推,那麼矮瘦，難民嗎？,04/16,2022.0,2
382,cedca,→,瘦不拉基的台女,11/20,2022.0,2
383,sam4105112,推,館長那身材在這裡算瘦皮猴,03/05,2022.0,2
384,nilr,→,，對方就道歉並澄清，然後快步離去。,11/02,2021.0,0
385,mastoid,推,這腿粗？ 別鬧了 這最實用好嗎,10/01,2022.0,0
386,Xhocer,推,屁股有夠塌,08/12,2022.0,2
387,FannWong,推,鳥仔咖 不好看,10/04,2021.0,2
388,illreal,→,扁奶腿粗還像個男的,10/15,2021.0,2
389,jej,推,肥宅 醜男 人人自危,11/19,2021.0,1
390,cookiecloud,噓,扁奶滾啦幹,03/26,2022.0,2
391,rotiars,推,新年快樂,01/01,2022.0,0
392,AioTakumi,推,不知道裝置藝術多貴嗎？看看肥婆時期,10/14,2022.0,1
393,force5566,推,這樣瘦下來都排骨，很難看,04/04,2022.0,2
394,KCKCLIN,推,嚕他阿 那麼肥的腿庫看了超想欺負,10/18,2022.0,0
395,bizozi968,推,感覺大腿有粗,01/07,2022.0,1
396,Elmore,推,廖勾誕4ni,03/20,2022.0,0
397,YummyMcGee,推,死肥豬,10/28,2022.0,1
398,mysterydream,噓,醜臉 肥肚,11/10,2022.0,1
399,shinkiro,推,才十億，兩兆風電：,04/24,2022.0,0
400,StylishTrade,→,都瘦成皮包骨了 QQ,11/15,2022.0,2
401,ideallife,推,春麗這腿也粗的太醜了吧,08/26,2022.0,2
402,duelaylomo,噓,2波疫情照出了北市只會嘴，真的要做事,05/02,2022.0,0
403,gtor7923,噓,先不吃不喝瘦到皮包骨再說,06/10,2022.0,2
404,Win7,→,email肥婆言語間早就透露出想選版主的想法,09/22,2022.0,1
405,tn907915,推,輪到三軍官校時就是離統一不遠了,09/07,2022.0,0
406,trenteric,→,10樓那張看幾次都覺得可怕,06/27,2022.0,0
407,ss20422,噓,100kg龍妹火車便當準備好了,01/24,2022.0,1
408,TomChu,推,第一學府才不會有這種事,01/10,2023.0,0
409,Tattood,→,國大金剛 也不想多花錢在本土瘦皮猴上 可,11/23,2022.0,2
410,lee0128,推,這紙片人吧??,04/16,2022.0,2
411,richard26057,噓,低能肥豬 幹你娘,10/09,2021.0,1
412,heyd,推,鄉下沒啥年輕人 女的更少,12/09,2021.0,0
413,north75566,推,肥宅肚子太大，不行,09/28,2021.0,1
414,ken860606,噓,手指好肥大==,05/07,2022.0,1
415,kof101,→,0 瘦不拉機怎搞,11/21,2021.0,2
416,EMSOK,推,8+9都一堆瘦皮猴 一拳就倒 打個屁,03/01,2022.0,2
417,woaifafewen,→,肌肌丟20而已 另一個瘦皮猴噴50公尺,09/20,2022.0,2
418,tengfan,→,數據立委...,10/02,2022.0,0
419,JACKALJO,噓,說不定肥婆 沒看過驚聲尖笑嗎,10/29,2022.0,1
420,Leo4891,推,口罩是肥宅救星好嗎  把醜臉遮住,09/07,2022.0,1
421,Hsiencheng,推,比台灣肥婆準多了,03/23,2022.0,1
422,achun1212,→,你有看過瘦皮猴在當大哥嗎？,10/06,2021.0,2
423,yoderek,推,噁心胖甲，看了真不舒服,06/30,2022.0,1
424,s81048112,→,沒影片喔,09/15,2022.0,0
425,luckyalbert,→,king,05/25,2022.0,0
426,liuyc888,→,就是八卦的韓導被罷免了阿,11/10,2021.0,0
427,kabukiryu,→,考慮大額投資，如果4歐8喪或龍妹，甲,11/22,2022.0,1
428,luckyalbert,→,的那才是悲哀,11/17,2021.0,0
429,louic,→,什麼是越位？,11/21,2022.0,0
430,zukidelko,→,500萬 88,08/18,2022.0,0
431,blitz,推,"放心啦,我還看過又肥又醜一輩子都在仇女的",12/05,2022.0,1
432,warmman,推,好的，塔綠斑,09/18,2021.0,0
433,x7834210,→,傻孩子這種腿才好用 鳥仔腳 都骨頭撞到,09/11,2022.0,2
434,Andy5566,推,結果開十個九個男的，剩下一個龍妹,09/14,2021.0,1
435,S2aqua,→,一定ptt潛水龍妹,07/06,2022.0,1
436,Kultivient,推,奶子大的比台女多 台女都是扁奶,05/03,2022.0,2
437,vincentsoon,→,龍妹好了啦！女權自助餐！,10/07,2021.0,1
438,Howard61313,→,吃到小腿比大腿還粗,01/20,2022.0,1
439,kerry0496x,→,瘦巴巴的屁孩只拿棍棒，會被反打,04/23,2022.0,2
440,ImBBCALL,推,我昨天走路短短10分鐘 就差點被撞三次，,12/03,2021.0,0
441,sunsam,噓,跟死肥豬穿鼻環那種好像,08/11,2022.0,1
442,s6525480,推,可以學職榛 叫別人提出證據 否則吉,06/11,2022.0,0
443,pizzafan,→,(不過排骨部份 還是大林遠香的瘦肉最強),12/05,2022.0,0
444,jokerming847,→,瘦皮猴半甲沒打霧說信上帝,10/17,2021.0,2
445,mc2834,推,這幾個瘦皮猴看起來超像國中生的,05/06,2022.0,2
446,ymib,→,8000滾動愛滋數椅子肥豬真他媽噁心,04/07,2022.0,1
447,JSFS,→,便宜，烤羊肉吃得蠻爽的。大列巴配超肥豬肉,11/15,2021.0,0
448,Mcnair,推,戶田瘦下來之後整個崩壞，根本骨頭人,08/29,2021.0,2
449,takalynn,→,你可以去上班 沒人會攔你,02/26,2022.0,0
450,iPolo3,→,詹姆士被龍妹吸奶頭,09/27,2021.0,1
451,wjes30325,推,不禮讓行人呀 都有上旅遊提醒了,10/31,2022.0,0
452,garry5566,推,"高嘉瑜那麼小隻, 又瘦巴巴, 怎麼打？",12/01,2021.0,2
453,ho83leo,推,矮不要胖，基本上都還有市場,05/01,2022.0,1
454,Stupidog5566,→,我好像只看過他欺負的盡是些瘦皮猴,10/06,2021.0,2
455,jack2324,推,瘦到皮包骨會好用？我不行…,03/28,2022.0,2
456,winiS,推,肥婆賺啊,05/22,2022.0,1
457,zscst,推,水桶腰歐巴桑,04/14,2022.0,1
458,myloveflyfly,推,沒奶子,09/11,2021.0,2
459,tw15,推,穩,05/11,2022.0,0
460,zz71,推,酸肥婆一個,07/24,2022.0,1
461,cookiecloud,推,扁奶怪的心眼跟奶子一樣小,04/21,2022.0,2
462,north75566,→,中華民國派比台獨還低能,12/23,2021.0,0
463,cookiecloud,推,扁奶滾啦幹,06/08,2022.0,2
464,puretruthson,噓,專簽肥豬醜女，還把426腔講成台灣,08/27,2021.0,1
465,xdctjh,推,笑宅宅宅 然後轉身對  真 紙片人發情,10/10,2022.0,2
466,GGrunrundela,噓,龍妹 不然就不會這種下場惹,10/28,2021.0,1
467,xaxa0101,推,被民主,12/13,2022.0,0
468,ga3322165,→,而且日本女學生大半肥短腿 高中日本姐,04/24,2022.0,1
469,info1994,推,八成電線,06/20,2022.0,0
470,sealdoom,噓,滾啦 X,06/01,2022.0,0
471,SFGiants,推,美利堅合眾國,05/08,2022.0,0
472,focoket12,推,逢年過節才洗頭！平時沒在洗的！,01/09,2023.0,0
473,fup6456,→,肥肚你也有 財產差很多= =,07/22,2022.0,1
474,a94037501,推,$,11/25,2022.0,0
475,GGrunrundela,噓,噁爛暗黑道死胖子料理,11/27,2021.0,1
476,hooniya,→,沒奶沒屁股沒腰美腿都不能穿啊,02/18,2022.0,2
477,root268,推,阿就沒人要啊 又肥又醜 我就爛 放棄了,10/25,2021.0,1
478,GimO,推,有個女人願意辛苦懷胎十月 變胖變醜 只為了,09/25,2021.0,0
479,crusaders811,→,只靠全羅道可能救不了執政黨,03/10,2022.0,0
480,Leoreo,推,難道要放董仔的油肥肚給你看嗎,11/26,2022.0,1
481,ALDNOAH5566,推,太子不能嘴的 吊路燈,09/20,2022.0,0
482,fransiceyho,推,以後爬山的人會看到你,01/24,2022.0,0
483,apteekki,推,愛你,01/08,2022.0,0
484,hw1,推,阿婆仔生子,08/02,2022.0,0
485,stillsustin ,噓,BMI是給8+9瘦皮猴自偽用的吧,05/05,2022.0,2
486,Mazda6,推,之前麒麟已經不輸，cad跟製程可能要十年,12/24,2022.0,0
487,aglet,推,鳥仔腳,04/20,2022.0,2
488,bill93557063,推,肥宅長得醜也沒辦法上節目,03/26,2022.0,1
489,jessica805,噓,幹你娘 甘你屁事 死胖子,07/03,2022.0,1
490,LYSLYS,推,醜 臭 肥 自己選一個吧,10/17,2021.0,1
491,cesped866,→,有些人就腿粗了還練三小,07/08,2022.0,1
492,KaiManSo,推,臉普、奶小、屁股塌、個性雞掰,08/31,2021.0,2
493,krit1009,→,換臉最高關七年 反觀撞死人 ㄏㄏ,11/18,2021.0,0
494,michaelwu,→,笑死 鳥仔腳圖勒,06/03,2022.0,2
495,dennis1233,推,以前都沒核廢料 以前放那現在就放那,11/02,2021.0,0
496,mono1023,→,龍妹第一把交椅,10/04,2021.0,1
497,mirac1e,噓,塔綠班女神五短水桶腰修圖普妹你敢嘴,11/25,2021.0,2
498,NASH0201,噓,台灣的89一堆排骨身材，別鬧了,02/22,2022.0,2
499,mb,推,嘴炮最會..ok,02/11,2022.0,0
500,whatzup1124,→,變瘦皮猴,12/08,2021.0,2
501,dyc2008,→,沒奶又醜,11/17,2022.0,2
502,aa1052026,→,就像有人說海嘯 我就很想問311那海嘯侵,11/12,2021.0,0
503,icanfi,→,國外夜店保全不是瘦皮猴欸,11/12,2021.0,2
504,gjcl6,噓,沒奶 屁股也不翹 到底？,08/17,2022.0,2
505,doro0202,噓,kiki沒臉沒奶影片又沒內容是要比屁,09/23,2022.0,2
506,xiemh420,推,鳥仔腳啊,11/05,2021.0,2
507,GLung,→,民主聖地,11/29,2022.0,0
508,seashroom,推,都瘦成皮包骨了還演的,11/21,2021.0,2
509,Kultivient,推,扁奶 可憐 幹久了性向歪掉變甲甲,01/14,2022.0,2
510,ramun,推,當成儲值台灣價值不就好了 有沒有欣慰點,02/12,2022.0,0
511,derrick1220,噓,真的太瘦 骷髏人,12/24,2021.0,2
512,steven12615,噓,龍妹還在幻想 可憐,11/12,2022.0,1
513,yuhancheng19,推,輸不起 而且又貴,04/24,2022.0,0
514,xup6xu6,噓,他是被抓去關還是被消失？,04/19,2022.0,0
515,lkdsa,→,"幾乎都很瘦扁,尤其男性,普遍比臺人再小一",07/15,2022.0,2
516,zipizza,推,藍羊你的木龍妹呢,01/14,2019.0,0
517,amare1015,→,瘦不拉雞的一看就沒啥料XDDDDDDDDD,06/27,2022.0,2
518,testtesttest,噓,醜....而且沒奶...........,08/08,2022.0,2
519,StNeverRush,→,還在搖,11/14,2021.0,0
520,lostguy,推,先示範給兒子看，以後兒子在法院再演一,11/11,2021.0,0
521,Sinkirou,→,先想想做的稀爛的內政把,11/27,2022.0,0
522,BD1983,→,一定很醜 又沒奶,10/01,2022.0,2
523,inshadow,推,熟女身材啪起來才爽  愛撞骷髏的人滾啦,10/13,2021.0,2
524,LBruce,推,實錘！,05/31,2022.0,0
525,Israfil,→,態上的不足部分(諸如矮 胖 殘缺等等...,01/11,2022.0,1
526,wushwush,→,笨的矮的胖的凸的邋遢的課不課？,09/26,2021.0,1
527,trustjohndoe,→,剩下肥宅和醜女,03/30,2022.0,1
528,ceremonial,推,這麼多靠爸族都上了 怎麼你女兒就沒上,11/29,2022.0,0
529,ridodo,推,看店吧！我這也是這情況，但我很愛自助結,04/23,2022.0,0
530,stezer,→,豪痛喔 沒奶子怎麼能體會大奶的苦,01/12,2022.0,2
531,crazydj,→,至少3600才有資格在八卦講話,08/24,2022.0,0
532,belucky,推,那就不要追龍妹  追龍弟,12/02,2022.0,1
533,keney963817,推,瘦皮猴與粉紅人的兄弟情誼,09/29,2021.0,2
534,axzs1111,→,屁股這麼塌 肯定沒在練,08/12,2022.0,2
535,kevin1221,→,女的有不爽的不是醜就是肥,09/29,2022.0,1
536,ydpoland,推,樓上被毒肥婆吹喔 幫qq,09/18,2021.0,1
537,meatbear,→,就說事實的事 哪有什麼中不中立,12/08,2021.0,0
538,Kurumi2000,推,肥 臭 醜,12/06,2021.0,1
539,a1119151,推,沒奶 滾一邊去,01/14,2022.0,2
540,mikiworldpea,推,肥肚肚,06/20,2022.0,0
541,npc776,→,再貼一張天國近了,03/26,2022.0,0
542,Anvec,→,還不是要乖乖做三期,11/23,2021.0,0
543,FoxQ,推,:爽,11/11,2013.0,0
544,brianuser,→,一直都是肌肉就是美瘦皮猴脫光有啥能看,08/20,2022.0,2
545,a860122004,噓,胖子明明可以改變 我們矮ㄗˉ才慘,03/02,2022.0,1
546,joumay,→,神豬變霹靂舞型男 你再笑啊,02/20,2022.0,1
547,neo19,推,宗瑞哥不知道的去google Party huang,03/17,2022.0,0
548,InfinitySA,噓,別瞧不起龍妹 破處死會率比正妹還高,11/29,2022.0,1
549,xetherz3,噓,龍妹業配文嘔嘔嘔嘔,10/10,2021.0,1
550,motherlay,→,屁股塌 內內小 臉也不好看 但音樂很棒,11/26,2021.0,2
551,cs09312,→,肥婆套個卡通皮都能幾萬人看了 這還好吧,09/01,2021.0,1
552,cs09312,→,肥宅就愛肥婆套卡通皮 真人這麼醜==,12/06,2021.0,1
553,Magic0312,噓,醜、胖、老,01/22,2022.0,1
554,yen097605703,噓,阿肥缺一樣 阿肥有肚子QQ,08/27,2021.0,1
555,KCKCLIN,噓,肥宅肚子,07/23,2022.0,1
556,frommr,→,鳥仔腳,09/04,2022.0,2
557,Rex1009,推,紙片人,08/17,2022.0,2
558,tinglottery,→,男生瘦皮猴8+9樣 那發言不意外,06/07,2022.0,2
559,allenatptt,噓,明末的福王可是跟豬一樣，誰說沒胖子,04/06,2022.0,1
560,gem810611,推,太瘦了 都骨頭 吃胖一點比較好抱,10/30,2021.0,2
561,dodomen,推,笑了,02/23,2022.0,0
562,spring013,推,貝完勝,09/23,2022.0,0
563,garcia,推,編輯了三次484跳電三次？日本人可憐哪,03/21,2022.0,0
564,ppptttqaz,噓,臉醜 小奶 肥肚 誰看雖十年,11/28,2022.0,2
565,joyeszhang,推,重點又肥又醜,09/22,2022.0,1
566,homebox0923,噓,你的保證連一塊雞排都不值,03/04,2022.0,0
567,jasonpig,噓,股票會缺現金那就是開槓桿在玩,06/30,2022.0,0
568,diaze,推,這不一定是甲 看到肥婆硬不起來很正常,11/30,2021.0,1
569,Blunt,推,沒奶但有屁股給推,08/17,2022.0,2
570,faust666,→,小的就在那邊說沒奶、乳頭黑，臉醜，嘻,08/11,2022.0,2
571,ilovebmw,→,好了啦～,07/12,2022.0,0
572,source0209,推,一位沒料的說別人沒料，沒什麼說服力,01/01,2022.0,0
573,Qidu,推,七八十歲還要工作我看也是可悲,12/27,2022.0,0
574,lwswjs,推,瘦皮猴8+9,09/04,2021.0,2
575,engineer1,→,你問吱吱啊,06/08,2022.0,0
576,tony20095,推,告死這個支那死肥婆!,01/23,2016.0,1
577,lovemoon1011,推,一定又醜又肥,02/02,2022.0,1
578,cccc1730,推,原文的韓國妹不行耶 瘦成這樣以為難民,01/19,2022.0,2
579,rcro,→,很有可能啊 安安瘦到像一個骷髏一樣…,11/09,2022.0,2
580,lavign,推,竹竿手臂鳥仔腳的8+9狐假虎威,08/30,2021.0,2
581,kisaku,→,這廢文八成是看到公車20年健保卡回收廣告,04/12,2022.0,0
582,Ronwill955,噓,垃圾破腦死胖子 怎麼還沒中風,11/14,2022.0,1
583,OPPAISuki,→,左邊那個好可愛 但太瘦了吧 沒奶,05/22,2022.0,2
584,survivalteru,噓,爽啊比洗哪低能龍妹好多惹,10/04,2021.0,1
585,wang460313,→,不過「小胖子」算是客觀描述 但「豬」,08/07,2022.0,1
586,a37821910,推,畢竟腦子壞了,02/16,2022.0,0
587,floz,推,吱己人~大可不必~,01/06,2023.0,0
588,SHALIMAR,→,"我認識的都是瘦瘦高高,扁身骨架大的,",02/10,2006.0,0
589,meowyih,→,囧，台灣不是喊維持現狀喊了幾十年，這句,03/10,2022.0,0
590,woifeiwen,→,怕瘦皮猴被撞一下歸西 不好交代,11/19,2022.0,2
591,rmoira,推,爽啦 垃圾交通部肥豬高層通通去吃屎,04/26,2022.0,1
592,cookiecloud,噓,扁奶滾啦幹,01/23,2022.0,2
593,leo801012,推,台男要好好保護自己,11/30,2021.0,0
594,Kultivient,推,台女扁奶 腿跟屁股乾癟 每天看了心情,12/11,2021.0,2
595,xsexyx,推,肥肚肚,03/06,2022.0,1
596,navysoider,推,通常這種都龍妹,08/27,2022.0,1
597,tdog,推,樓下永康蔡康永,05/05,2019.0,0
598,gaygaydi,→,，這部分是指什麼？,01/31,2022.0,0
599,woerns,→,南部女生一堆55身，腿又粗又黑根本不能看,10/15,2021.0,1
600,mudee,→,是那個舔中肥婆蓋的  真的造孽！,12/19,2021.0,1
601,s999132,→,轉型肥婆團,10/19,2021.0,1
602,amare1015,噓,鳥仔腳 X,11/24,2021.0,2
603,mycity,推,太瘦的不要，最近清硬碟排骨都先砍,06/21,2022.0,2
604,xzcb2008,推,射啥小 幹您娘=.=死胖子,03/05,2022.0,1
605,dxzy,→,世界怎麼跟得上台灣 沉迷在紙片人 包皮人,05/22,2022.0,2
606,Misscat16868,→,溫良恭儉讓肥婆，謙卑謙卑再謙卑狗,06/21,2022.0,1
607,afra,→,卸妝後還不就路人。還沒奶子,01/25,2022.0,2
608,idlewolf,推,這才叫極品 鳥仔腳真的很難怪,09/01,2022.0,2
609,k4653,→,沒臉沒奶沒腰沒腿，甚至沒腦，誰受得了,03/14,2022.0,2
610,cedca,噓,沒奶子沒高度,11/24,2021.0,0
611,theskyofblue,推,你先承認你就去那個扁奶怪,08/23,2022.0,2
612,jesiuty,推,養了班畜牲 就是出來維穩幹話人民的 與事,11/14,2021.0,0
613,duo131,→,我都不知道台灣1450這麼強~~還能煽動國際,02/28,2022.0,0
614,bolu0401,推,死胖子幹,03/21,2014.0,1
615,Antia691,推,素肚沒奶子 腦袋跟綠蛆87%像,12/02,2022.0,2
616,OPPAISuki,→,中國女星都超瘦 都骨頭,04/02,2022.0,2
617,dennis02,推,比自己高大？龍妹？,11/12,2022.0,2
618,kobedalanpa,→,裡面其實是兩個瘦皮猴8+9甲甲在吃雞,03/03,2022.0,2
619,rupg4vupskin,推,什麼興趣想要花錢玩都很能燒吧,07/12,2022.0,0
620,Takhisis,→,龍妹也會化妝穿很露啊 你各位不敢看而已,01/02,2022.0,1
621,zzzzaaaa,推,我都唸機械,08/31,2022.0,0
622,shlinho,→,並具有baby bar test,12/15,2021.0,0
623,fp737,推,想要在那邊待著 又不好意思不點,09/21,2022.0,0
624,joshuapan,→,嗎？,05/09,2022.0,0
625,jacket664,推,死肥婆,05/14,2022.0,1
626,machiusheng,推,沒奶摸 沒9萬了,11/29,2022.0,2
627,g204094,推,日男一堆瘦皮猴 韓國歐巴帥高壯,09/28,2021.0,2
628,a1210122,噓,人渣，還有臉講這種話,10/13,2022.0,0
629,brennen,→,這人是真學霸,12/22,2021.0,0
630,mysterydream,→,我堂弟國中18X  但身材根本竹竿 ==,09/26,2021.0,2
631,colan8,推,隔著口罩都覺得醜+胖 真有自信,09/22,2021.0,1
632,koushimei,推,有點肚子肉肉才爽,07/02,2022.0,0
633,love0504,噓,十五樓臭酸醜窮包莖肥宅,01/05,2022.0,1
634,emohann,推,綠色很肥藍色日漸消瘦，人民只剩骨頭還,05/14,2022.0,0
635,fantasyscure,推,一定不帥 矮禿肥臭醜,11/12,2022.0,1
636,minaj,→,算外表的肥宅是不是長得很醜,11/26,2022.0,1
637,feng0312s,→,跟上面說的一樣啊你他媽以前現在不一樣,12/13,2021.0,0
638,zszsdd,→,瘦皮猴還要3個打一個，就知道他壯不壯,11/13,2021.0,2
639,Nov9th,→,幹你屁事！肥豬神,11/04,2022.0,1
640,hihimen,→,8+9都瘦不拉基的，一點戰力都沒有,11/27,2021.0,2
641,sustaining,→,4從少女吃成肥婆你看多犧牲,01/24,2022.0,1
642,tanchuchan,→,年紀越來越大,05/17,2022.0,0
643,suiminkusuri,→,扁奶醜女再來報,10/17,2022.0,2
644,legend1125,推,要開箱養了八年的白胖小豬仔,12/01,2022.0,2
645,mk203125,推,房間溫度26度,12/17,2022.0,0
646,cms6384,噓,又哀慟了,05/31,2022.0,0
647,Usami,→,愛萌之前瘦到骷髏相，現在有肉了好看很多,09/15,2021.0,2
648,seabox,噓,督割,12/02,2021.0,0
649,dio0204,→,死胖子真的不要搞怪 很噁 那種特殊的衣,12/22,2021.0,1
650,s910211,推,煖,06/07,2022.0,0
651,achun1212,推,瘦皮猴先練好再來找人麻煩啦，真的有,10/05,2022.0,2
652,tiaushiwan,推,不到肥婆誰在乎腰幾吋,07/05,2022.0,1
653,kauosong,→,警察這麼瘦巴巴 可以保護人民嗎？,11/20,2022.0,2
654,StylishTrade,推,大三正妹!!!!!!!!!!!!!!!!!!!!!,08/19,2022.0,0
655,bl0418,推,可是這兩位沒奶子啊,08/19,2022.0,1
656,mopepe5566,噓,清大又沒正妹，龍妹你也在暈,08/17,2022.0,1
657,mig,推,建立抄襲就畢不了業的制度啦幹 死胖子,12/05,2022.0,1
658,AlHorford15,推,這胖子是母豬上身 失智放炮了？,11/24,2022.0,1
659,magicc,噓,民進黨沒人要出來攔阻？北部災情要外溢了,08/09,2022.0,0
660,sars7125889,噓,是長的操老然後扁奶怪嗎,09/29,2021.0,2
661,CCNK,推,沒奶圖沒孫子哦,11/02,2022.0,2
662,Misscat16868,→,"4人帥真好人醜性騷擾,肥宅龍妺自重",03/15,2022.0,1
663,milk7054,推,綠共就老共臥底,10/13,2022.0,0
664,sealdoom,推,肥婆多,04/22,2022.0,1
665,crimson11,→,龍妹你要嗎？正妹虐待你你還會暗爽呢,11/30,2021.0,1
666,su4vu6,→,懶得做這些檢查 就往身高體重去走 最簡單,03/22,2022.0,0
667,KEYSOLIDER,推,女版侯友宜只要會說話 民調照樣高,12/28,2022.0,0
668,herro760920,→,滑坡效應就算修法了還是影響了一般人,07/25,2022.0,0
669,sobiNOva,推,第二天怎麼就沒消息了,06/02,2022.0,0
670,yanni999,噓,肥成這樣怎麼擦屁股啊？,03/11,2022.0,1
671,belister,推,沒奶 沒辦法,08/27,2021.0,2
672,lianli1024,推,帳密貼在公務機在公家部門很常見,12/05,2022.0,0
673,ChallengerII,推,好了不起的殺人劍喔(舔),11/13,2022.0,0
674,derrick1220,→,Cc肥婆國師,05/16,2022.0,1
675,k1314520illy,推,龍妹附議,03/23,2022.0,1
676,boy1031,→,Hi  肥婆,06/24,2022.0,1
677,uni19ball,推,他代表誰？若不符所述怎麼辦？,12/16,2022.0,0
678,S2aqua,→,以前鳥仔腳 肉多一點好,09/01,2022.0,2
679,rareone,推,幹妳娘台中死胖子,11/10,2015.0,1
680,alloc,噓,瘦皮猴滾,06/30,2022.0,2
681,zi62007,推,不錯，日本人跟我們一樣奴，只是貴了一點,02/24,2022.0,0
682,justin200428,噓,帶風向？,12/06,2021.0,0
683,rock5421,→,存款有2000萬就是帥哥只是又胖又噁了一,07/19,2022.0,1
684,azukinana,噓,民進黨執政讓黑道吃香喝辣,08/01,2022.0,0
685,curlymonkey,→,光吃跟喝就差很多齁,08/16,2022.0,0
686,sigma0307,→,瘦不拉機的屁孩 先去練一練再說吧,09/05,2021.0,2
687,timeaftime,噓,摸摸良心 你喜歡龍妹？,01/24,2022.0,1
688,Eddielin,→,沒奶子,07/09,2022.0,2
689,opengaydoor,→,反正不是五樓那個死胖子 噁心死了,02/16,2022.0,1
690,NCUking,推,龍妹可以整形,11/20,2021.0,1
691,qwer338859,噓,燻機肥婆,01/24,2022.0,1
692,AlohaVC,→,警察火拼？,08/23,2022.0,0
693,railman,噓,變胖變矮  還能消脂肪肝  厲害,09/12,2021.0,1
694,yogrichen,→,中國就是互害社會,12/28,2022.0,0
695,bill403777,→,通常都瘦到皮包骨 刺青說年少不懂事,11/12,2019.0,2
696,Kultivient,噓,鳥仔腳 噁心,10/15,2021.0,2
697,srxteam0935,推,叫他想像一個滿身油臭的肥龍妹倒追,03/13,2022.0,1
698,Homer5566,噓,就是個醜陋胖同志 沒什麼實際作用 怎麼,11/12,2022.0,1
699,antonny,→,些人了 司法官搞得像行政官沒風骨,03/25,2022.0,0
700,kobe30418,推,一堆瘦皮猴8+9超愛耶 小孩開大車？,05/03,2022.0,2
701,ppptttqaz,推,鳥仔腳不要嘗試 只有馬腿才可以,08/14,2022.0,2
702,px37521,推,XD,10/10,2019.0,0
703,skygray2,推,他自己還自介過自己肥又醜，沒人有性趣,08/29,2022.0,1
704,hitsukix,推,沒看過肥婆,05/22,2022.0,1
705,tom501062003,推,世界怎麼跟得上,12/01,2021.0,0
706,nico78628,推,笑死人綠粉當年神豬狂叫有跟勝文道歉？,02/20,2022.0,1
707,jim12441,→,雜,07/02,2022.0,0
708,raxt577,→,被上鋪龍妹室友吵到睡不著，超臭又打呼，,08/28,2021.0,1
709,franzos,→,該怕的是瘦皮猴宅 沒力氣抵抗,09/29,2021.0,2
710,Oldfather75,推,又胖又醜的側翼仔 可以不要一直貼嗎,09/03,2022.0,1
711,Elmore,推,雪餅鳥仔腳,12/05,2022.0,2
712,bth060104,→,什麼鍋配什麼蓋 肥宅就是要配龍妹,11/12,2022.0,1
713,qqqqwe15,→,都瘦成排骨,11/25,2022.0,2
714,eddisontw,推,52公斤是瘦到只剩骨頭嗎,04/21,2022.0,2
715,chang505,推,沒專業沒奶子到底賣點在哪,05/16,2022.0,1
716,gotopark,推,瘦到皮包骨,11/21,2022.0,2
717,headcase,推,沒腦的黑肥婆,02/20,2022.0,1
718,princeguitar,→,醜男 肥宅 噁男的聚集地真名不虛傳,11/25,2021.0,1
719,St3480,推,你各位每個鳥仔腳都馬可以 哪次不可以,10/02,2021.0,2
720,Dinenger,→,噁心 太瘦了 這是什麼 紙片人哦,06/10,2022.0,2
721,t7556281,→,太瘦了吧都快餓成皮包骨,10/05,2022.0,2
722,srxteam0935,推,跟肥宅生態一樣 小時候圓圓胖胖被阿,06/25,2019.0,0
723,WSzc,→,這是暴肥版李奧納多,01/16,2016.0,1
724,ioioioaoaoao,推,上次輸21萬票 這次會更多,11/18,2022.0,0
725,silver2012,→,你看不起的龍妹 就很多了,08/31,2021.0,1
726,NewPassat,→,紋超深的老臉，又胖又水桶腰....令人搖,04/07,2022.0,1
727,shiriri,噓,瘦皮猴狀態勉強,01/11,2022.0,2
728,ShinRuei,噓,沒奶子還敢找教練,09/07,2021.0,2
729,a7788783,→,所以潮州話是什麼東西？,02/06,2022.0,0
730,small91051,噓,？？？,10/06,2022.0,0
731,wiork,推,又又又是將軍,06/29,2022.0,0
732,dlevel,→,大家看慣日本寫真，不喜歡鳥仔咖、竹籤腿,03/17,2022.0,2
733,charlie123qq,推,哪有三色豆阿 只有玉米紅蘿蔔吧,12/25,2022.0,0
734,EeePC901,推,又胖又醜 也能約12個 厲害,12/15,2021.0,1
735,a900632000,→,難怪當初跳槽去神豬那邊死也不下台,09/30,2014.0,1
736,sonyabear,推,扁奶台女不敢啦,03/07,2022.0,2
737,sushi11,推,老闆親信一定是男的,12/16,2021.0,0
738,amury,→,而且俄軍俘虜除了軍官，每個都瘦巴巴...,09/23,2022.0,0
739,lichingJHIN,噓,有一個龍妹,07/26,2022.0,1
740,fanix21,推,高瘦到剩骨頭,11/12,2022.0,2
741,Lans1002,噓,難道你想娶龍妹？,09/12,2021.0,1
742,HinaGikuYanG,推,朝鮮路人扁臉扁奶只有醜,06/06,2022.0,2
743,hiojvd,→,性別比例 龍妹到烏克蘭就沒市場啦,07/30,2022.0,1
744,megalink,噓,看到短腿易胖全身都醫美的也很不適,07/08,2022.0,1
745,doveplus,→,動漫肥宅才會幻想瘦皮猴打得過壯碩大漢,10/05,2022.0,2
746,q22w,推,+9有身材= =？ 我怎看都是一堆瘦皮猴,06/04,2022.0,2
747,danielpupu20,→,世界杯是因為程度好才好看。如果程,11/25,2022.0,0
748,Bombardier,→,點，這咖打這個只會死的更難看吧。,06/20,2022.0,0
749,may12301,→,龍妹也是來詐騙的,11/29,2022.0,1
750,samuelass,噓,老妹沒臉沒奶 唱歌又沒技巧難聽 只剩舔,09/18,2022.0,2
751,kint567,推,b17轟炸～血流成河,03/20,2022.0,0
752,jeff45,推,我路上看到醜妹肥妹心裏不舒服，但我也沒,06/24,2022.0,1
753,FATBOYSLIM,→,串起來可是一大串呢,10/07,2014.0,0
754,maousama,推,肥肚肚讚,06/12,2022.0,0
755,Shadouie,→,歉 直接刪畫面烙跑,11/03,2022.0,0
756,gogoe04,推,4死1傷可教化,07/14,2022.0,0
757,WhiteWhale,→,可是他又矮又胖痘痘又多,09/15,2021.0,1
758,Dragonz,→,惡魔旅館的最愛的肥婆,11/12,2022.0,1
759,k1400,→,超模一定竹竿身材啦,09/28,2021.0,2
760,hmt17,推,綠委:823是國共內戰 干台灣屁事,08/23,2022.0,0
761,mirac1e,噓,綠畜女神五短水桶腰修圖普妹你敢嘴,12/02,2021.0,1
762,rasen9,噓,日本受薪階級就是韭菜 官員才懶得鳥,09/01,2022.0,0
763,AKAHOSHI,噓,ptt肥宅腿短身材差 根本不會買,09/17,2021.0,1
764,clone29,噓,胖子滾吧，噁心哪,10/26,2022.0,1
765,vintage0224,推,16歲先去健身啦 瘦皮猴,06/13,2022.0,2
766,ev331,→,外勞很有錢的一堆月薪都五六萬 一間三房可,12/10,2022.0,0
767,Yan5566,推,8+9嚮往身材 嘻嘻,08/30,2021.0,2
768,leinru,推,暖,04/05,2022.0,0
769,Sam717,噓,死肥婆投胎比較快啦,05/09,2022.0,1
770,firemothra,推,經濟綠怎麼辦,12/20,2021.0,0
771,bairn,噓,他之前跟Roy Jones打的那場比老梅對朝倉跟,09/26,2022.0,0
772,ryusumo,噓,:VM,09/12,2012.0,0
773,Lenney33,噓,肥婆下去,06/17,2022.0,2
774,pinkg023,→,不能要求好好住，只能拜拜希望隔壁不要,08/15,2022.0,0
775,sowhysowhat,推,七年級現在都肥肚油宅 跑不動啦,03/02,2022.0,1
776,srxteam0935,推,他以為大家都跟暈船肥豬一樣好騙嗎,01/16,2022.0,1
777,winterrainn,推,菁英中心  不收....,01/04,2022.0,0
778,roger810605,推,厲害了我的黨,12/21,2022.0,0
779,amare1015,噓,完全不想 鳥仔腳太細了,04/27,2022.0,2
780,pkajames,推,肥宅悲歌 人醜即騷擾 你各位出門小心呀,11/19,2021.0,1
781,Gentile,推,鳥仔腿超難看,07/10,2022.0,2
782,cookiecloud,推,奶子就是要越大愈好，扁奶滾啦幹,05/27,2022.0,2
783,zxc2331189,推,那肥宅肚子也太大,02/15,2022.0,1
784,gaygay5566,噓,肥宅都是買2L起跳的胖胖瓶,06/04,2022.0,1
785,asdf70044,推,就眼鏡肥醜宅跟8+9刺青瘦皮猴阿,07/31,2022.0,2
786,newsyho,→,看來肥婆很不滿自己桌上髒髒的,10/28,2022.0,1
787,cs09312,噓,一堆肥婆套個皮就一堆啊宅看 可憐,06/13,2022.0,1
788,gaiaesque,噓,恐怖圖片什麼時候要桶???,03/02,2017.0,0
789,cookiecloud,噓,全都扁奶滾啦幹,04/15,2022.0,2
790,skygray2,噓,你不是自介過自己又胖又醜的嗎XD,08/29,2022.0,1
791,Joey1999,→,有市場，反觀男肥宅矮醜肥基本沒救,12/28,2021.0,1
792,ccjh30129m1,推,快笑死，這個也可以蹭,01/21,2022.0,0
793,bearking2,推,台噁男只剩張嘴別侮辱有核彈的小胖好嗎,08/03,2022.0,1
794,ASUSboy,→,不知道  反正約出來八成也是隻瘦皮猴,08/29,2022.0,2
795,gw00086,→,下來一個瘦皮猴能看嗎= =,11/28,2022.0,2
796,n0su06,→,然就變水桶腰了 然後美肌開很兇,10/16,2021.0,1
797,zoids2504,推,可能恐龍法官的女兒都太醜太胖吧,12/26,2021.0,1
798,tearness,噓,三樓你還好嗎？愛滋驗了沒,04/28,2022.0,0
799,Parker08,→,噁心,11/04,2022.0,0
800,YuXun2021,→,蜂蜜芥末，完了我沒吃出辣味,01/14,2022.0,0
801,emenime,→,推崇肥肚腩了，台灣男人對於自己人真的標,09/27,2021.0,1
802,Tiphareth,→,因為藍綠自己不敢承擔責任囉~,07/13,2022.0,0
803,aJan5566,推,沒辦法就業的龍妹會抗議XD,10/12,2021.0,1
804,mido,→,去年主動收入破300,10/17,2022.0,0
805,deepdish,→,治安破口才不管法律,01/19,2022.0,0
806,asas1asas200,推,醜女肥龍在那邊眼紅 真好笑,03/13,2022.0,1
807,Creeping,→,你看了,03/30,2022.0,0
808,fight999,推,謝郭董,12/09,2021.0,0
809,maximu,推,扁奶怪,09/19,2021.0,2
810,aggressorX,→,龍妹牌,01/04,2022.0,1
811,jick156,推,看到侯友宜剩20%就知道這民調自慰用,07/19,2022.0,0
812,zzff92,→,運動很緊緻 台女的鳥仔腳怎麼能比,10/10,2022.0,2
813,gigongwen,噓,這廢文哀低怎麼又出現了,05/17,2022.0,0
814,NewPassat,推,瘦皮猴,11/04,2022.0,2
815,aa1477888,→,就是有沒有心要加緊做的問題而已,06/02,2022.0,0
816,todao,→,瘦皮猴是一件事，+9懂如何虛張聲勢,06/08,2022.0,2
817,zszsdd,→,89刺青完全沒有美感身材就算了，又喜歡整,07/31,2022.0,2
818,eddisontw,推,摔角手哪來的肥肚 那是相撲手吧,10/07,2022.0,1
819,birddirb,推,肥婆奶奶,05/20,2022.0,1
820,tuanlin,推,從政(X) 當提線人偶(O),01/04,2023.0,0
821,g8y,→,"教阿咖(鳥仔腳)加小胸,通常該有肉的地方沒肉",10/04,2021.0,2
822,shadowdio,推,粗腿屌打台灣鳥仔腳,11/25,2021.0,2
823,isare,推,宅宅 胖胖,10/02,2022.0,1
824,piece1,→,選市長大材小用..選總統撮撮有餘..,07/19,2022.0,0
825,x7834210,推,摔角手做的基礎訓練 可不是瘦皮猴玩的起,04/05,2022.0,2
826,bighorse0,推,覺得只是走了捷徑 以為自己有其他優點,06/19,2022.0,0
827,LAURANCE,推,男生說喜歡肉肉的是肚子肉還是胸部肉?,01/27,2022.0,0
828,Antia691,推,Ladies Night肥婆恐龍照樣免費 白淨甲,01/11,2022.0,1
829,misthide,推,不一定 英國流行瘦皮猴穿POLO的風格,05/12,2022.0,2
830,jacky88101,推,好舒壓 瘦皮猴砸冰箱也沒什麼力,09/05,2021.0,2
831,wtfhell,→,科科,01/29,2022.0,0
832,SHINJO575,推,清末那些瘦皮猴是要怎麼跟人打 現代國,10/15,2021.0,2
833,fantasyth,→,胖子就是腰圍粗,01/09,2022.0,1
834,ggbi4zzz,→,手指好肥,02/06,2022.0,1
835,Misscat16868,→,這些利益有利於美國的「誰」？,12/25,2022.0,0
836,lkrichard,推,今天就開始消風就不會發生3/16泡沫破裂,03/07,2022.0,0
837,cesped866,噓,屁股塌成這樣你也可以,08/12,2022.0,2
838,rko815474,推,後照鏡是噴掉嗎,11/14,2022.0,0
839,dslite,→,旗袍沒奶很醜,01/11,2022.0,2
840,GOD5566,→,沒奶子學什麼音樂 pan的啟示還不夠嗎,09/04,2021.0,2
841,Domineering,推,你家員工的舌頭真的好長喔,05/06,2021.0,0
842,trylin,→,瘦皮猴喔= =,10/20,2021.0,2
843,THEHELY,推,談戀愛呀,03/02,2022.0,0
844,zs111,推,沒繫安全帶 我只能說,11/15,2022.0,0
845,Busufu,→,這屁股沒在練 塌塌的,06/25,2019.0,2
846,Landsknecht,推,柯南王!,08/26,2022.0,0
847,puretruthson,推,跟某隻拍醜片的第一退役肥豬一樣,11/13,2021.0,1
848,galium,推,你四不四在臭誰肥婆,05/06,2022.0,1
849,DsLove710,推,很瘦很瘦 瘦骨如柴,11/23,2022.0,2
850,cck525,→,結果真正要發生戰爭的國家總統在美食展,08/22,2022.0,0
851,cheng1990,噓,完全來亂的,08/05,2022.0,0
852,suhaw,→,一分真的嫩，但要夠高級的店我才趕點,04/01,2022.0,0
853,Lalef,推,這個肥婆身上都是油，誰要,10/03,2021.0,1
854,CMPunk,→,給人一種猥褻感 在性騷擾案前我就覺得了,09/14,2022.0,0
855,ivorysoap,噓,肥婆一個,09/22,2021.0,1
856,GPX2020,推,30公分姐夫,12/18,2022.0,0
857,popopal,推,最後發現金三胖才是老大 這2個都廢物,02/27,2022.0,1
858,w610328,推,笑死 一堆肥宅只看體重就說別人胖,09/14,2021.0,0
859,minoru04,→,鳥仔腳是多會蹲,09/24,2022.0,2
860,ilovemiao,推,我懷疑你在臭,05/30,2022.0,0
861,godofaluba,推,但是就是有人就愛龍妹,09/26,2022.0,1
862,btaro,推,公關公司會沒事找事?? 嫌疑最大當然是業主,05/22,2022.0,0
863,windwardsail,噓,王別丟台灣人的臉啦，會被對岸笑耶,01/12,2022.0,0
864,Graciepores,推,還好吧，不過還好他有先亮蔡英文的卡,06/23,2022.0,0
865,allyourshit,噓,死肥婆,02/14,2022.0,1
866,JamesChan51,→,果然是大和田！,08/24,2022.0,0
867,nicbb123,噓,可惜水桶腰,08/20,2022.0,1
868,leveger0903,→,熱到頭暈 現在打開家裡的老冷氣 家,07/23,2022.0,0
869,DANANPA,→,吧！,01/02,2023.0,0
870,needmmmoney,推,這女的以為自己很勇 找了一個瘦巴巴,11/06,2021.0,2
871,sky121,噓,你覺得別人網軍 別人也覺得你才是網軍啦笑,03/15,2022.0,0
872,vancepeng,推,店員會過來幫你點菜,06/21,2022.0,0
873,coolrock,→,紙片人早就退流行了，可以選豐滿一點的,08/21,2022.0,2
874,cs09312,→,他是好壞好帥 肥宅只有好醜好肥,09/30,2021.0,1
875,spirit1280,→,0幾元報警的，那個人說不小心的,11/09,2022.0,0
876,chun10396974,→,維繫人類群體的行為就叫善，反之為,12/19,2021.0,0
877,xxx5566xxx,→,小奶肥婆去死,05/06,2022.0,1
878,Raphael7725,推,沒寫縣市塔綠班不知道要怎麼做,06/24,2022.0,0
879,enskyzuso,→,小隻馬很多過瘦通常沒奶ㄅ,02/28,2022.0,2
880,boy1031,推,肥豬婆壓死，太慘了吧,11/19,2022.0,1
881,Ho1liday,→,原來樓上喜歡幹龍妹！？,05/14,2022.0,1
882,Takhisis,→,以為龍妹不會九頭龍閃逆？,01/24,2022.0,1
883,kimicino,推,他只是變肥 沒有變醜,02/19,2022.0,1
884,hellogoodbye,推,當然重要 不然美國大選怎麼都搶搖擺,11/26,2022.0,0
885,Natsuki0409,推,:推,03/23,2014.0,0
886,zoin,→,為官四大明槍、四大暗箭,01/21,2022.0,0
887,worshipyou,→,還是職業比賽喔cc,01/06,2023.0,0
888,xian,→,到一堆沒良心發的龍妹圖,01/30,2022.0,1
889,GimO,推,矮醜窮肥台男,01/25,2022.0,1
890,godofaluba,推,愛自稱肥宅的 都是瘦皮猴,02/11,2022.0,2
891,mn435,推,矮的話容易看起來胖,08/26,2021.0,1
892,henry1234562,→,錢沾8400億 就是這樣子,11/09,2022.0,0
893,SkyShih,→,小腿粗,11/13,2022.0,2
894,sg1987,推,帥,04/21,2022.0,0
895,astrophy,推,低端瘦皮猴8+9,09/04,2021.0,2
896,mirac1e,噓,綠畜女神五短水桶腰修圖普妹你敢嘴,11/12,2021.0,2
897,gg86300,推,總統都已經說要自立自強了還期待司法？,01/23,2022.0,0
898,DragonLai,推,太中肯了 一些龍妹根本來偷看的,01/03,2016.0,1
899,YesNoter,噓,沒奶子,11/15,2021.0,2
900,art1,→,時間哪有對不起來？ XDDDDDDDDD,02/13,2022.0,0
901,grayplace,推,台大學店？,12/08,2022.0,0
902,qoojo2002,噓,美國都不戴了戴三小,06/27,2022.0,0
903,Informatik,推,+9瘦皮猴屁股沒肉 撞起來沒感覺不喜歡,06/26,2022.0,2
904,koromo1991,→,裡面混一堆瘦皮猴 怒噓,05/25,2022.0,2
905,DreamYeh,→,是80公斤恐龍妹 對象別是那種高富帥 沒,07/10,2022.0,1
906,ausstin,推,蔡英文也說沒有網軍 但.....,02/25,2022.0,0
907,joeizilla,→,飯好棒棒，我要瘦成皮包骨,06/13,2022.0,2
908,rainjuly,→,因為演化論跟第一個生命怎麼出現的沒有,11/17,2021.0,0
909,luismars,→,排骨就扣分了吧...紙片人也是OUT,12/25,2021.0,2
910,akko76815,推,大腿鬆弛屁股塌的也在那邊歐美 笑死,12/05,2021.0,1
911,kevin1221,→,只會訓練精英，不會接受扁奶怪,08/16,2022.0,2
912,time3Q,推,金魚眼的肥婆醜妹,10/09,2021.0,1
913,oXnXo,推,他腿好粗喔...對了原PO有點矮,07/18,2011.0,1
914,JayceYen,推,哪有 一堆死肥豬好嘛,05/20,2022.0,1
915,ifte94wt,噓,:初會而已就在難   洗洗睡了啦,10/07,2013.0,0
916,toshiba5566,噓,垃圾塔綠班死胖子,01/28,2022.0,1
917,qscxz,→,可惜沒奶子,02/18,2022.0,2
918,lin0919,推,別想看689 很多689都認為沒633是DDP害的,01/15,2016.0,0
919,parappa,→,紙片人,10/30,2022.0,2
920,neilisme,推,一天只吃300會瘦成皮包骨吧,10/31,2022.0,2
921,crimson11,噓,醜啊肥啊 不然你要龍妹嗎蛤？,09/05,2021.0,1
922,GGrunrundela,噓,這種都有人要 反觀龍妹 果真台女不,01/03,2022.0,1
923,musicaledio,噓,東南亞猴子身材差 打什麼籃球,09/12,2021.0,2
924,henryhao,推,沒辦法吸收？,02/23,2022.0,0
925,scott032,推,大叔肥肚集中營 年輕人是死光了喔,01/17,2022.0,1
926,avgirl,→,沒奶子就滾!,09/22,2021.0,2
927,rLks02,→,你宅在家吃那些 胖更多啦,12/29,2021.0,0
928,Pluto17,噓,這樣還不辭職 這不叫死忠什麼才是死忠？,05/07,2022.0,0
929,freedom80017,→,肥肚上,11/12,2021.0,0
930,ll1117,→,瘦皮猴說自己健康,10/15,2022.0,2
931,CNSaya,推,四川一堆斷層可以蓋？,12/26,2021.0,0
932,Agamemnonk,→,一個魯蛇在問胖子是誰,07/07,2022.0,1
933,sunskist0831,推,推 8+9猴子身材一般人單挑都屌打,11/11,2021.0,2
934,t7556281,噓,有夠瘦皮包骨,11/14,2021.0,2
935,zooeybones,→,封口夾也是愛用小物 聖誕小物也不錯,10/23,2022.0,0
936,dknymaster,→,桃乃木瘦到都看到排骨了,06/22,2022.0,0
937,Kultivient,→,台灣根本滿街扁奶 普遍到還有台女大概,03/28,2022.0,2
938,nosheep,→,有人打擊自己的嗎,11/05,2022.0,0
939,St3480,推,瘦不拉基的+9妹也在身材好？,10/04,2021.0,2
940,smithjr,推,看到肥宅跟醜男 就變貞節淑女,06/06,2022.0,1
941,ASUSboy,噓,先噓死者為大,11/08,2021.0,0
942,ianmon,推,死肥宅只能跟醜女恐龍配對，這是AI優選結,09/04,2021.0,1
943,guolong,噓,肥婆,01/02,2022.0,1
944,GGrunrundela,噓,更經典 長得醜的公主病肥龍甚至還會,02/01,2022.0,1
945,fusernn,→,事,08/31,2022.0,0
946,milk7054,推,沒奶子沒基友，過氣糞作,11/22,2021.0,0
947,andy12388756,推,好了啦龍妹,10/07,2021.0,1
948,ch333,推,笑死,07/04,2022.0,0
949,JapaZPa4867,→,屁精就是自私又噁心活該被眾人唾棄,07/23,2022.0,0
950,d06,→,滿噁的 懷孕變胖屬正常現象,06/02,2022.0,0
951,kndleo,噓,蛀牙關我屁事,12/27,2021.0,0
952,kenro,推,小龍女真的感覺瘦不拉基的,03/24,2022.0,2
953,jhihheng,→,好像長得醜 又肥,04/22,2022.0,1
954,VVizZ,→,沒奶 沒哏 沒臉,06/17,2022.0,2
955,nekoares,→,因為你放眼看去全都是瘦巴巴的傢伙啊,12/30,2021.0,2
956,gx1211343,推,4x又肥又醜 又愛亂講,07/30,2022.0,1
957,KMSNY,→,樓上 日本是日本不能比,07/08,2022.0,0
958,eypon0,推,不一定，有的沒奶也沒腦,04/05,2022.0,2
959,nmchen,推,good job,03/30,2022.0,0
960,yuzukeykusa,推,太胖了 少吃多動吧 矮已經很慘起碼要,09/15,2022.0,1
961,selfless77,噓,所以你看到路邊龍妹都想姦？,01/06,2022.0,1
962,Daedolon,推,28.7  一群瘦皮猴  嫩,08/27,2021.0,2
963,GAGA1,→,很多 台妹瘦的話 幾乎沒奶 但大多白腿細,09/02,2021.0,2
964,BaRanKa,→,這真狠這女的超瘦弱他單手掐到骨裂...,10/25,2022.0,2
965,bill403777,噓,阿圖咧 沒奶子也沒貓?,06/16,2022.0,2
966,smallfish63,噓,躺平吧 你各位下輩子投胎瞄準一點啊,12/09,2022.0,0
967,caumu,推,果然同文同種,02/26,2022.0,0
968,survivalteru,推,小馮至少外貌屌打龍妹,10/03,2021.0,1
969,CrazyStone,噓,竹竿身材打棒球是能看？,10/08,2021.0,2
970,sjclivelo,推,我還想貸40年欸 不然怎麼買得起,05/20,2022.0,0
971,EasyVinus,推,周胖子：封封封存30年他馬的,09/18,2022.0,1
972,yjchiou,噓,所以你是因為她是龍妹而喜歡上她嗎？,04/22,2022.0,1
973,azukinana,推,藍褲子瘦皮猴看起來好廢，呵呵,07/02,2022.0,2
974,mofe,→,雞蛋的替代品根本超少，肉有豬雞牛羊等,04/07,2022.0,0
975,knight76717,推,大奶的大腿偏粗事實，手不一定,09/23,2021.0,1
976,mayuyuki,→,值一次夜更 好累,02/25,2022.0,0
977,vdml,推,矮窮醜 酸肥臭宅噁,04/29,2022.0,1
978,CozyLife,→,一個瘦皮猴養肥肥的故事,03/06,2022.0,2
979,zaqimon,→,看正妹變肥婆,12/16,2021.0,1
980,inshadow,推,沒奶子 懷孕生子奶頭又黑又扁很倒胃口的,02/06,2022.0,2
981,saygogo,推,宏樹,03/23,2022.0,0
982,knives,→,魚，然後一直保底,02/16,2022.0,0
983,EVASUKA,推,:,10/31,2019.0,0
984,fim,推,他只是個孩子啊!!有什麼事情衝著我來!,12/07,2022.0,0
985,ppnow,→,手臂粗的像電線桿，腰粗的像橋墩,01/24,2022.0,1
986,kmkr122719,→,女性確實較少會練腿 因為不想讓腿變粗,09/05,2021.0,0
987,sweetantt,推,猴形身材,09/15,2021.0,2
988,panny2010,推,越長越醜，還沒奶誰要看,06/27,2022.0,2
989,poqwiuer,→,人家魔獸才不是台灣那種瘦皮猴,11/10,2022.0,2
990,Kelvinchen,噓,沒奶有屁股叫身材好，是不是在臭?,08/17,2022.0,2
991,losec0614,推,錢,02/23,2022.0,0
992,firemothra,→,不思議的,12/08,2022.0,0
993,save,→,攤在公園角落 瘦巴巴的 想拿東西給他吃,09/01,2021.0,2
994,bill403777,噓,統統才是被家暴的那個，肥婆會丟衛生,11/30,2021.0,1
995,vy8824,推,沒奶子,10/09,2021.0,2
996,rp20031219,推,醜又沒奶還只會哭就滾,10/07,2021.0,2
997,kululualex,→,他給的薪水應該請不起什麼有能力的大,05/06,2022.0,0
998,LBJ23,噓,敢她馬的塔綠班胖子,03/04,2022.0,1
999,CasinoRoyale,推,煎茶,04/26,2022.0,0
1000,coffee112,→,瘦皮猴 還是要有點肉 才會撐起來有感,05/31,2022.0,2
1001,nakayamayyt,→,哈哈 龍妹就不會被強姦的意思,02/14,2022.0,1
1002,Makubex82,推,又肥又醜 這個跳過,12/02,2022.0,1
1003,josLynYa,→,龍妹奶大看了也還是噁,10/23,2022.0,1
1004,etiennechiu,→,↑她這腿好可怕，骷髏人嗎,12/09,2021.0,2
1005,ryo1008,推,沒有 改餓死在牢裡,04/09,2022.0,0
1006,kawazakiz2,→,他們會森77說變成瘦皮猴就有腹肌啦,04/12,2022.0,2
1007,dick929,→,龍妹發個廢文附張圖，立刻刷到爆文,05/15,2022.0,1
1008,tamynumber1,→,牽拖別人最會,12/20,2022.0,0
1009,ptt987654321,推,覺青還真的會怪台灣人太浪費電喔,01/13,2022.0,0
1010,YuXun2021,推,龍妹才要騎機車做外送，正妹都有汽車接,10/12,2021.0,1
1011,fatjanice,推,肥婆,05/03,2022.0,1
1012,www8787,→,主要是太肥婆惹 先減肥葛30公斤再來看看,01/10,2022.0,1
1013,mercedeces,推,89都這種身材阿,11/04,2022.0,2
1014,rayes,推,肥婆沒被關到死 真是國家不幸,02/24,2022.0,1
1015,cookiecloud,噓,扁奶滾啦幹,07/29,2022.0,2
1016,EGOiST40,噓,鳥仔腳又不好看==,08/15,2022.0,2
1017,cena0605,→,被騙這麼久== 記得配養樂多,08/27,2022.0,0
1018,superbabaya,推,:能讓CPU變成量子電腦就好了.... 講好多看不懂 哈,10/02,2011.0,0
1019,c871111116,→,太屌了.........,11/26,2014.0,0
1020,yeltek,噓,肥婆神棍的話一般都用哪裏看人?,09/22,2022.0,1
1021,henokoi,推,因為手指太肥短了所以月亮其實沒有發現,09/20,2021.0,1
1022,ddtkqoo78,推,T就8+9啊 一個樣瘦巴巴沒奶又要跟人家,11/18,2022.0,2
1023,commandity,→,在nfl眼中nba都是瘦皮猴,06/27,2022.0,2
1024,hoha1111,推,好的 樓上塔綠班 四個同意,12/16,2021.0,0
1025,TaiwanKimchi,→,錯了,03/09,2022.0,0
1026,DirkMavs,推,這種腿才棒 當然練結實更好 一堆鳥仔腳,02/12,2022.0,2
1027,flux,推,:689+公務員，ㄏㄏ,11/22,2013.0,0
1028,b199059x,→,伙食差當然每個瘦不拉雞黑乾瘦看起來像,10/16,2021.0,2
1029,cookiecloud,噓,扁奶滾啦幹,03/04,2022.0,2
1030,ffxx,推,躺著選都會贏 誰屌你納稅錢,05/05,2022.0,0
1031,jeffmao5566,噓,我有猜到 給噓,01/12,2022.0,0
1032,zakijudelo,→,反觀台灣還在獨裁統治，逼全民戴口罩,03/10,2022.0,0
1033,arch20161219,噓,平民生小孩可恨 為了滿足人生成就小,01/21,2022.0,0
1034,kilmo,推,沒啥好笑的吧，日本一堆老頭肥肚噁男優,12/08,2021.0,1
1035,MaBumblerQQ,→,沒掛 沒奶子 滾一邊去,05/30,2022.0,2
1036,c4658860,噓,說肥宅變胖就沒事，死母豬台女,06/18,2022.0,1
1037,MaBumblerQQ,推,肥婆,10/22,2021.0,1
1038,chinapig,推,標準台女身材 瘦到看起來像非洲難民 你,11/26,2021.0,2
1039,Esnar,噓,Po這三小我要看肥婆,01/05,2022.0,1
1040,DASHOCK,→,肥婆 閃靈,09/13,2021.0,1
1041,Urakaze,推,現在都一堆人會對紙片人發情了，羞辱老,05/04,2022.0,2
1042,kria5304,→,打個鬼 去告好嗎,09/29,2022.0,0
1043,hosen,→,搞到政府獲利千億？,04/25,2022.0,0
1044,WaWa3,推,沒奶子,10/03,2022.0,2
1045,suikanta,推,打開你原本選的門以外的另一扇門，裡面,10/14,2022.0,0
1046,MyKal1001,推,醜就算了 一堆胖子真的看不下去,07/29,2022.0,1
1047,piece1,→,講醜都沒事了！講胖會有事？,06/11,2022.0,1
1048,pswen,推,老闆娘到底是煮給誰吃？全家都瘦巴巴結果,04/11,2022.0,2
1049,elzohar,→,瘦不拉基是要怎麼跟人打,11/10,2021.0,2
1050,zeroyaking,→,後面也靈氣全失 臉型消瘦到像骷髏頭,09/10,2021.0,2
1051,henryhao,推,我喜歡紙片人，兄弟,08/28,2022.0,2
1052,cmcmcmcm2,→,呵呵 合法灑錢 養飽自己人 謝謝指教,08/27,2022.0,0
1053,Kultivient,推,台女扁奶有什麼好看 拍給甲甲客戶？,12/13,2021.0,2
1054,nekoares,→,對啊，忠仔人很好很古意，為啥要咒他死?,03/16,2022.0,0
1055,Leo4891,→,看影片...8+9瘦皮猴一個..警察還壓不住,10/07,2021.0,2
1056,hyakkiyagyo,噓,醜死 沒奶去死,08/16,2022.0,2
1057,ShotOnWall,噓,女神？？？以前就奶大 後來瘦了就沒奶,04/21,2022.0,2
1058,taurus512,→,肥婆了,10/13,2021.0,1
1059,purine5566,推,不要取胖的 很醜 又很貪婪==,05/14,2022.0,1
1060,amare1015,→,還他嗎想給人掉路燈 就你那瘦皮猴的鳥,09/02,2022.0,2
1061,wn7158,噓,這樣才是剛好，太瘦，撞到骨盆超痛,09/01,2022.0,2
1062,StylishTrade,→,龍妹就應該AA,02/02,2022.0,1
1063,ismugi,推,噁男 那麼胖還要在別人身上蹭殺小,03/06,2022.0,1
1064,tim1112,→,敬,09/10,2022.0,0
1065,lawstone,→,錢買不到正義跟老子不願意！,11/03,2021.0,0
1066,oliver81405,噓,笑死已經變成肥婆了,03/08,2022.0,1
1067,eleon,推,鍵盤柯南,08/14,2014.0,0
1068,colan8,→,沒才藝 要整也太慢整 又沒奶....,09/18,2022.0,2
1069,eddisontw,推,瘦皮猴,04/17,2022.0,2
1070,wolver,噓,鳥仔腳,05/25,2022.0,2
1071,loveYZH,推,媽，我在這（先卡一個,02/17,2019.0,0
1072,flyinmagic,→,他想要打成八年抗戰也行,06/04,2022.0,0
1073,sweet2624,推,珊珊加油！！！,11/25,2022.0,0
1074,leocean9816,噓,瘦成骨灰再說,06/09,2022.0,2
1075,aggressorX,推,幹 自己癡肥怪男友太醜,06/23,2022.0,1
1076,derrick1220,→,淦0梁這醜女肥婆滾辣操,12/21,2021.0,1
1077,lulocke,推,下半身肥婆的話 不行,01/05,2022.0,1
1078,crimson11,→,了只能生出醜龍妹 醜龍妹一輩子沒人要,09/03,2021.0,1
1079,peter0825,→,今天肥宅或龍妹躺在路上 明天就結冰了,02/14,2022.0,1
1080,vdml,→,腿很粗吧 不符合鳥腿網美的型,05/21,2022.0,1
1081,slimu0001,推,黑道8＋9一堆瘦皮猴，會有力氣拉弓,08/26,2021.0,2
1082,jeff0811,推,看看那個肥肚子,09/23,2022.0,1
1083,blueberrypie,推,現在看到標題律師都直覺想到他,12/19,2022.0,0
1084,nadleeh,→,以前那種鳥仔腳真的有點病態,09/01,2022.0,2
1085,pondaha,噓,快點告啊，不要整天在政論節目辦案,06/28,2022.0,0
1086,hydra3179,→,因為肥宅沒趴好開,12/11,2021.0,0
1087,azrael1011,推,都已經很瘦了 是打算把骨頭也剪掉？,10/02,2022.0,2
1088,kamichu,推,學怪奇物語的哦,09/17,2022.0,0
1089,aa01081008tw,推,大家沒忘記阿嬤有陣子被說是地下指,09/23,2022.0,0
1090,eusttass,→,瘦皮猴老輝仔,09/04,2021.0,2
1091,alloc,噓,沒破百都是瘦皮猴,11/27,2021.0,2
1092,knight0123,推,"每種能源都有好有壞,我們只能在當中選",12/09,2021.0,0
1093,lionsss,推,沒奶子,09/11,2021.0,2
1094,NSRC,→,"看過現場ＣＣＲ,矮秃肥老醜窮包莖洋人都贏你",06/03,2022.0,1
1095,x7834210,推,長的醜又肥又窮就要有自知之明 躺平爽歪,10/25,2021.0,1
1096,milkBK,→,正常吧 長跑都瘦不拉機,11/14,2021.0,2
1097,xdctjh,→,打電話過去罵,05/22,2022.0,0
1098,AndyWT,推,8+9那種身材被轟到一拳就死了 一拳殺一隻,11/10,2021.0,2
1099,josef15,推,吸毒仔不是都瘦皮猴嗎,12/26,2021.0,2
1100,A80211ab,→,噁心肥婆 選舉才會出現,07/30,2022.0,1
1101,maticsakura,推,跟那些跟著甲肥貓屁股的塔綠班講理,11/14,2022.0,1
1102,GimO,推,女人懷孕代價太大 變胖變醜工作可能消失 如,08/31,2021.0,1
1103,Misscat16868,→,是藍營的御用媒體？所以肥婆又變塔,06/21,2022.0,1
1104,Dande,→,自己瘦皮猴要檢討吧,08/14,2022.0,2
1105,airticket,→,:還有大小屎是高職畢業生　連大學都不是...,06/23,2005.0,0
1106,a28200266,→,如果你家裡插座也是220V就不行,07/20,2022.0,0
1107,deepdish,→,官僚系統就跟肥宅一樣虛胖,03/04,2022.0,1
1108,shuo1010,推,這情緒控管難怪無業,11/01,2022.0,0
1109,howardyeh,→,話說我總覺得拜登比川普還像共和黨人,11/12,2022.0,0
1110,MRfridge,噓,因為他很胖啊幹,02/03,2022.0,2
1111,HenryWangTW,→,豬臉小胖子 真醜,05/31,2008.0,1
1112,sexyATHENA,噓,竹籤插貢丸也叫美,10/16,2021.0,2
1113,andy199113,→,一定是醜女 暴牙肥油,11/07,2021.0,1
1114,Qoofate,噓,死胖妹  噁~,03/11,2022.0,1
1115,skymonkey,噓,普臉 瘦小乾扁沒奶 沒梗沒看點,11/17,2022.0,2
1116,phew18,推,4%缺點就是缺人 什麼拐瓜劣棗都收,10/21,2022.0,0
1117,p580ir190,噓,沒奶，沒臉的貼這廢文幹麻？怒噓,01/05,2021.0,2
1118,CycleEnergy,→,其實沒很糟喇 若沒奶不會特別被注意,01/26,2022.0,2
1119,plutox,→,像是老闆歧視老幼婦孺胖瘦美醜都告訴大家,01/19,2022.0,1
1120,HumanBenzene,推,不是鳥仔腳 讚讚,08/05,2022.0,2
1121,newsyho,推,78肥婆之流都可以了，還有什麼吞不下，,09/28,2021.0,1
1122,bbc0217,噓,酒駕,12/29,2021.0,0
1123,w60904max,→,難得被國民黨逮到痛點了 怕成這樣,05/04,2022.0,0
1124,nekoares,→,瘦到都是骨頭吃個屁，再養個十年,11/25,2022.0,2
1125,sdamel,→,，奶又小屁股塌，說希臘神淫亂算公道嗎,10/18,2022.0,2
1126,wunaoking,→,這粗勇？你是動漫鳥仔腳看太多吧,09/10,2021.0,2
1127,leviliebe,推,我覺得很可愛 臉圓才好 瘦巴巴瓜子臉,11/22,2022.0,2
1128,squalljack,推,台女瘦就有鳥仔腳了，可是大奶比較稀,01/07,2022.0,2
1129,darkMood,→,但不知道要槍決誰，笑死，法治國家。,04/20,2022.0,0
1130,vincentsoon,推,你是不是不想幹龍妹？,12/24,2021.0,1
1131,rinatwo,推,肥婆 我今天吃螃蟹,05/28,2022.0,1
1132,jorakuID,推,台灣的89不都瘦的跟排骨一樣,02/21,2022.0,2
1133,FarkU,推,這身材在肌肉版叫做排骨瘦猴。,03/04,2022.0,2
1134,eric2016,→,春年華的女孩兒，反觀醜陋肥宅呢？等人,04/19,2022.0,1
1135,WO0820,噓,拿一個醜又沒奶的出來幹什麼啦,09/23,2022.0,2
1136,l11111111,推,肥 醜 又肥又醜,04/11,2022.0,1
1137,E6300,噓,腿超粗,03/07,2022.0,1
1138,vseptem,噓,台積電也不是靠台灣理組才有今天的成績,04/14,2022.0,0
1139,ECZEMA,推,克里米亞快拿回來吧 俄擴張都為港,09/10,2022.0,0
1140,linwahaha,推,龍妹：給妳顏色瞧瞧，正妹：給妳顏射瞧,11/03,2022.0,1
1141,ppu12372,→,材好的醜男絕對大勝醜肥宅,08/29,2022.0,1
1142,athome1,→,肥了醜了 就不要了!,12/02,2022.0,1
1143,darkdogoblin,噓,沒奶子講個雞巴,09/18,2021.0,2
1144,aa1052026,→,樓下都跟比自己胖幾公斤的龍妹做愛?,01/23,2022.0,1
1145,sted0101,→,柯文哲是不是失職了? 還不叫車全載走?,04/09,2022.0,0
1146,psw,推,要夠正才有，不然龍妹，每人都會想閃,07/17,2022.0,1
1147,insidelonely,推,暖,07/16,2022.0,0
1148,Recoverism,噓,為什麼這醜女肥龍會有工具人啊能不能告訴我你各位,04/23,2021.0,1
1149,rs6000,噓,肥婆,01/08,2022.0,1
1150,stevieRV,→,會躲在車底偷拍的 這貨不行啊,08/04,2022.0,0
1151,BaRanKa,→,你不敢當在野的聲音我就當你瘦皮猴,11/10,2022.0,2
1152,zausa,→,勾惡就沒料也沒奶啊,04/24,2022.0,2
1153,coffee112,→,骨感好重...=_=瘦不拉基,09/11,2021.0,2
1154,MASAMII,推,差不多瘦皮猴而已吧,10/05,2021.0,2
1155,ms0545173,推,+9很多瘦皮猴 都是靠圍毆才得利,11/12,2021.0,2
1156,Ayanami5566,推,幹  太瘦了吧  非洲難民?,10/16,2022.0,2
1157,lou3612,推,我醜男不找龍妹要單身一輩子嗎,02/07,2022.0,1
1158,justice2008,→,愛台灣就要加入台灣對 唯一支持!!!,11/24,2022.0,0
1159,Ashuya,噓,這種8+9鳥仔腳有夠醜,07/29,2022.0,2
1160,pigc,→,有政府，不缺電，只會叫企業發電,03/20,2022.0,0
1161,JUSTNONE,→,照騙而已 本人見到後就是個瘦排骨....,09/04,2022.0,2
1162,leoloveivy,→,最有趣的事這種人會比健身瘦皮猴健康,11/23,2022.0,2
1163,jj1379746,噓,沒奶子 不用看了,10/24,2021.0,2
1164,greensdream,→,還很愛對路過的女生品頭論足，胖的醜,08/06,2022.0,1
1165,crazycomet,推,你以為龍妹看得上你？,11/29,2022.0,1
1166,defendor007,→,水桶腰,09/15,2021.0,1
1167,j55888819,推,沒奶子又長得醜 跟你哭只想給她兩巴掌,10/13,2022.0,1
1168,kevin1221,推,台灣一堆扁奶怪，個性又機歪,08/24,2022.0,2
1169,dancepop,推,還真敢講,04/26,2022.0,0
1170,scores,→,反惡魔旅館不是應該po 紙片人系列,06/19,2022.0,2
1171,chith,推,對又醜又肥又臭又髒的當然沒感覺,10/12,2022.0,1
1172,amare1015,推,肥婆國師會吧,10/30,2022.0,1
1173,wt5566,推,我覺得謝忻還比較丟臉，阿翔不帥又瘦皮猴,02/06,2022.0,2
1174,dddc,噓,支那賤種超愛外遇肥婆,07/26,2022.0,1
1175,Mradult,推,真的就技術問題，這題還能55波也是神奇,12/16,2021.0,0
1176,kevin1221,→,誰要找醜又沒$的，還沒奶就更慘,10/01,2022.0,2
1177,cookiecloud,噓,扁奶滾啦幹,08/11,2022.0,2
1178,cookiecloud,噓,扁奶滾啦幹,06/18,2022.0,2
1179,shine32025,→,超越馬英九的 必蔡英文,02/19,2022.0,0
1180,kino056,→,山豬寶寶：好冷 胖叔叔救我 然後就被烤,09/10,2022.0,1
1181,RoaringWolf,推,沒po照片，沒奶照，還想要風向，當網,07/17,2022.0,2
1182,TheGame,→,鳥仔腳，我不行,03/13,2022.0,2
1183,poco0960,→,你初戀扁奶，可憐,11/29,2022.0,2
1184,armani1209,噓,舔起來，党的懶趴又香又甜,05/07,2022.0,0
1185,aggressorX,→,不該 難道你想看龍妹服務生?,09/06,2021.0,1
1186,Housetobe,推,又肥又醜 肛門跟嘴巴都很會噴屎,11/23,2022.0,1
1187,heci1941,→,"""一團肉""，能貴到哪裡? 為何能跟各類的",05/02,2022.0,0
1188,r0ck123,推,你覺得醜就不能上街 那肥宅全部去自殺,11/01,2022.0,1
1189,NSRC,→,矮秃肥老醜窮包莖短屌洋人　都贏各位,09/11,2021.0,1
1190,gameforever,推,禿醜矮胖窮，哪一個比較差？,04/29,2022.0,1
1191,qscf753,推,其實我不懂英女王的喪禮已經變成限時景點,09/17,2022.0,0
1192,Usayhiisayha,噓,太胖了吧 你胖的像豬,06/30,2022.0,1
1193,zack85092100,噓,只有龍妹 樓下常約,10/01,2022.0,1
1194,asters,推,沒奶子也想,09/15,2022.0,2
1195,kickflip,推,加油  勞工權益第一炮,06/23,2016.0,0
1196,leevarchu,推,大,12/20,2022.0,0
1197,antiall,推,肚子肉擠出來了,10/07,2021.0,0
1198,yyxjpaids1,噓,台大馬偕不做是故意想搞阿北？,05/07,2022.0,0
1199,onstar,→,龍妹溫和不打你，正妹生氣會打人，你選？,12/01,2021.0,1
1200,fransice7,噓,左二沒奶子滾喇幹,10/15,2022.0,2
1201,Luwan,噓,"老早就不是了,你活在哪個年代?",12/12,2021.0,0
1202,dolp,→,而已,03/03,2022.0,0
1203,skylion,→,小腿太粗了,06/10,2022.0,1
1204,Sagemode,推,朝聖17.2，8,02/08,2006.0,0
1205,gustid,推,那胖子是內外都醜陋 嘔嘔嘔嘔嘔,08/30,2022.0,1
1206,huk40199,→,在路上看到都瘦巴巴的,11/23,2022.0,2
1207,joemax19,推,"2010 神豬被開槍時,流彈打死一個流浪漢",11/04,2021.0,1
1208,chunfo,推,全世界共同找一個小島讓甲甲建國,11/26,2021.0,0
1209,victor87710,→,但背面那張一堆屁股也太塌了,07/20,2022.0,2
1210,lonelyQQ,推,反觀八卦版死肥豬,11/14,2021.0,1
1211,gulugulupp,推,瘦扁奶 幹骨頭就是爽,08/14,2022.0,2
1212,pinhanpaul,推,扁奶怪,08/25,2022.0,2
1213,shellback,→,上任前就知糖衣毒藥 現在惡果來了才要,08/11,2022.0,0
1214,bezbol,→,popping 你紙片人喔,07/18,2022.0,2
1215,youngwen26,→,紙片人跟撞桌角差不多,08/26,2021.0,2
1216,louis5265,→,腿粗的喜歡穿黑絲高跟，像滷豬腳,10/15,2022.0,1
1217,gLid3,推,沒臉沒奶的不會跳舞 紅不起來,09/04,2021.0,2
1218,reasonsin,→,阿勇你的手指肥肥的,05/31,2022.0,1
1219,YALEMY,→,價物價比真的,08/21,2022.0,0
1220,erty2852,噓,死肥豬掛了而已,11/13,2021.0,1
1221,Zionward,推,其實龍妹相處起來常常比正妹感覺好耶,07/14,2022.0,1
1222,claretcider,→,來演喜劇片嗎,01/04,2022.0,0
1223,bruce511239,→,那三張都沒奶子,08/30,2021.0,2
1224,poi96300,噓,死胖子 滾,04/20,2022.0,1
1225,bread220,推,圖片是正妹，來的是龍妹,09/08,2021.0,1
1226,a0226958831,→,都沒有 難怪被法律系的綠共玩爽爽,06/09,2021.0,0
1227,yaritai,推,這肥婆是誰,05/22,2022.0,1
1228,CozyLife,→,ㄏㄏ瘦皮猴養成日記,11/01,2022.0,2
1229,ausstin,推,那邊一堆追焦跟壓車仔,12/10,2021.0,0
1230,SimplePraise,→,雙標到笑出來,04/15,2022.0,0
1231,homie407,→,幹 好醜好肥 這誰啊,06/22,2022.0,1
1232,MarcPolo,→,T-Mac 你...（錯,04/07,2022.0,0
1233,b0204888100,推,看起來就是沒被照顧好 瘦巴巴的,06/02,2022.0,2
1234,ljuber,推,:本人出來爆掛 這才是八卦版!,07/18,2011.0,0
1235,a3221715,噓,醜 沒奶,11/20,2022.0,2
1236,eric4309,噓,死而復活、死而無憾,01/09,2022.0,0
1237,sazabisazabi,噓,是不會用學姐的肥皂擦屁股嗎,08/30,2022.0,0
1238,louis7656,噓,肥婆,05/10,2022.0,1
1239,serenitymice,→,醜噁肥男,06/28,2022.0,1
1240,Audien,推,看體重啦 一堆瘦皮猴拉很多下自以為很強,08/25,2021.0,2
1241,elec1141,推,龍妹,10/02,2021.0,1
1242,nbgfdew,推,12盤真的是肥宅之恥....吃這點也能胖?,10/05,2022.0,2
1243,DonDonFans,噓,沒奶還穿殺小胸罩 滾,12/03,2022.0,2
1244,cookiecloud,推,奶子越大越好，扁奶滾啦幹,05/06,2022.0,2
1245,kiopl,推,投胎斷食法 可以瘦到見骨,10/26,2021.0,1
1246,amare1015,→,瘦不拉姬他媽喬個車都喬不動的弱咖打78,02/11,2022.0,2
1247,HUNT007,→,ㄧ期肥婆等毒瘤推翻來贏得四期心,12/03,2021.0,1
1248,http481,→,BMI30在八卦是瘦成皮包骨的,05/23,2022.0,2
1249,pieceiori,→,支持胖子的噁心 支持林的愛大便 呵呵,01/06,2022.0,1
1250,berryc,→,道會踢輸你紙片人嗎 XDD ?,01/31,2022.0,2
1251,aquaunder,推,死肥豬,08/26,2021.0,1
1252,vb128252,推,副作用是肥肚肚,06/16,2022.0,0
1253,Freeven,推,委婉的說你又胖又醜的意思,08/31,2021.0,1
1254,sismiku,→,園子==,02/02,2022.0,0
1255,andytaso,→,樓下沒奶子,08/30,2021.0,2
1256,trywish,→,所以懂的話就知道，民代立法下，就會一堆,11/03,2022.0,0
1257,lostguy,噓,菸酒色醜老頭加豬鼻富家女加網軍胖子,11/24,2022.0,1
1258,protoss666,推,不會 沒奶 沒臉,04/22,2022.0,2
1259,scum5566,噓,後面幾張根本沒奶子  這樣很不和平,09/10,2021.0,2
1260,yoomin4u,噓,台女比較胖腿比較粗？？？,02/20,2022.0,1
1261,XDdong,→,但用龍妹硬上肯定會吃女拳 所以忍耐吧,03/30,2022.0,1
1262,chigo520,推,證明人帥真好，有錢變醜變胖也沒差,01/10,2022.0,1
1263,greg7575,推,低能扁奶怪,09/07,2021.0,2
1264,YSJ543,推,兩點一線累到躺平是有啥好看的,04/11,2022.0,0
1265,Casper50,→,漫畫沒帶 動畫沒奶沒妹子 怎麼好看？,10/09,2021.0,2
1266,mbblgg007,推,推你 幹我早看台中那死胖@^%#&?!'$,10/07,2015.0,1
1267,louis13,推,我真的覺得大樓應該強制加裝隱形鐵窗 不,01/24,2022.0,0
1268,BaRanKa,→,美波甜不辣手我忍痛分你,03/07,2022.0,1
1269,dafeichai,→,死黑鬼胖女人，人醜心也醜,02/20,2022.0,1
1270,offdensen,推,今後就是肥宅的天下啦 瘦皮猴7414,11/24,2021.0,2
1271,ddijk,推,還是選龍妹大奶好了 關燈之後還是能用的,08/14,2022.0,1
1272,kenro,推,身材很竹竿,03/08,2022.0,2
1273,ansfan,噓,台女有些沒奶子,04/13,2022.0,2
1274,Arnol,噓,記得去跟非洲瘦得皮包骨的小朋友說很羨慕他,11/14,2021.0,2
1275,THANN,推,刺青、鳥仔腳、瓜皮安全帽,04/11,2022.0,2
1276,DICB,噓,呵呵早起運動減水桶腰?,03/05,2016.0,1
1277,Xhocer,推,幹這肥豬吧,08/04,2022.0,1
1278,fantasyscure,推,台男太肥太醜太矮 連雞排都不要,11/02,2022.0,1
1279,winer5566,→,笑死 油頭也嫌 齊劉海也嫌 肥宅自己醜,11/29,2021.0,1
1280,lolic,推,我認識一個心臟病患者也是瘦皮猴,11/01,2021.0,2
1281,cheng7,→,不查證亂發文的大概也都是同一批你我他,05/31,2022.0,0
1282,amare1015,噓,有一兩個鳥仔腳真的太欠噓了 細到爆,11/25,2021.0,2
1283,cutegirl68,噓,違法？違什麼法？,09/09,2022.0,0
1284,dogdream,→,沒奶再怎麼波浪也沒用,01/05,2022.0,2
1285,s370515,推,很會玩,08/07,2022.0,0
1286,Yude0109,推,肥婆,04/16,2022.0,1
1287,olivewood,→,小馮沒奶又沒屁股R，水卜櫻屌打好嗎,05/14,2022.0,2
1288,cookiecloud,推,扁奶滾啦幹,02/16,2022.0,2
1289,kevin1221,→,很會跑的都瘦皮猴，沒有巨的,09/13,2021.0,2
1290,yahappy4u,→,BMI18以下紙片人不行啦,01/10,2022.0,2
1291,WeasoN,噓,沒奶子給噓 貼了奶子我再補推,09/06,2021.0,2
1292,katanakiller,→,標準低一點找個醜肥龍妹應該很輕鬆,05/25,2022.0,1
1293,Forcast,→,有幹到鳥仔咖，紙片人,10/04,2021.0,2
1294,goodfuture,→,"說不要吃太胖,後來認豬時裡面沒有瘦的",01/23,2022.0,1
1295,Brucetk,→,有小胖的臉醜嗎，沒有嘛,04/09,2022.0,1
1296,Rektgg,推,$,08/07,2018.0,0
1297,ePaper,→,人家骷髏人喝了都沒事你在那邊管,10/04,2022.0,2
1298,dean0911,推,肥可以減啊…醜，整形也是塑膠,10/20,2021.0,1
1299,ChenYenChou,→,就典型外勞體格 瘦小扁柴,07/14,2022.0,2
1300,GUMIGUMI,噓,這種智障言論誰會信啊？,10/02,2022.0,0
1301,chris0694,→,當初沒傳染給小孩就 嗯嗯嗯嗯嗯嗯,06/28,2022.0,0
1302,Filthy1218,推,靠北，叫肥肚中年大叔野炊野宿，怎麼,01/31,2022.0,1
1303,nextpage,→,扁塌屁股，貢丸插竹筷身材的女人退流行,08/31,2021.0,2
1304,pariswoman,噓,死肥豬臭肥宅啦,08/30,2022.0,1
1305,JayceYen,噓,乾瘦猴子身材好在哪？,03/04,2022.0,2
1306,nakayamayyt,推,kate upton肥版 很讚,11/27,2022.0,0
1307,GPX2020,噓,詐騙 扁奶怪,08/11,2022.0,2
1308,mosqutiolamp,→,智障肥婆,05/14,2022.0,1
1309,fenix220,推,智障市 不EY,12/19,2021.0,0
1310,hikaru1398,推,西野真的可憐，要奶沒奶，要演技沒演,09/23,2021.0,2
1311,LostInTime,噓,玻璃鳥仔腳就不要學人家開車，很危險,06/03,2022.0,2
1312,aqsss,→,勿忘銀河星爆  西提市&歐米龍妹妹發源地,05/05,2022.0,0
1313,you1111,噓,所以瘦不拉機或死胖子台男都該檢討啊 人,12/22,2021.0,2
1314,arickal,推,看到胖子真的會讓人覺得噁心,07/17,2022.0,1
1315,marktak,推,沒奶 沒救,11/15,2021.0,2
1316,imundefeated,推,他們會説打不一樣的效果較好,01/16,2022.0,0
1317,Yude0109,→,果都選肥婆,12/02,2021.0,1
1318,brianuser,推,你朋友是骷髏人?,01/05,2022.0,2
1319,damingli90,噓,肥得跟豬一樣 長得又醜 只有兩顆大奶,01/24,2022.0,1
1320,prelight,→,民進黨的總是罵那些有先見之明的不愛台,03/15,2022.0,0
1321,kawazakiz2,→,沒有胸但鳥仔腳的更多,02/17,2022.0,2
1322,VVii,→,神啊 求求您大發慈悲 收了萬惡肥婆,08/18,2022.0,1
1323,overall,推,鳥仔腳真的不好看,03/02,2022.0,2
1324,coon182,推,五樓天天喝可樂吃洋芋片胖的跟豬一樣,11/25,2022.0,1
1325,balahaha,噓,f12.......肥宅文跟柴犬符號正式死光....跟lasda跟胡醜,08/15,2014.0,0
1326,peterpankk,→,反正四年後不關我的事,12/02,2022.0,0
1327,aa384756,→,錢人會讓kmt那可憐的政治獻金補滿嗎,12/19,2021.0,0
1328,zszsdd,→,都沒碰到，自己是沒奶嗎,01/08,2022.0,0
1329,muzik,推,教練一堆瘦皮猴好嗎= =,10/13,2021.0,2
1330,s12108478,→,道如果得獎反而怪怪的吧,11/04,2022.0,0
1331,mikeneko,推,好想揉阿肥的肚子,08/20,2019.0,0
1332,Beccaria,推,新竹人選出柯建銘超自豪，在那叫什麼,11/03,2022.0,0
1333,kiwidoit,噓,八成是龍妹被偶像藝人照片騙,05/29,2022.0,1
1334,Deparic,推,跟我之前想的差不多,03/14,2018.0,0
1335,hitsukix,推,要監察院這單位動起來 要等肥婆睡醒吧,11/14,2021.0,1
1336,dbdudsorj,推,哇靠 瘦得剩骨頭 好好保重,08/26,2021.0,2
1337,a210510,推,一定是扁奶又醜又龍,11/05,2022.0,2
1338,pigpig861,推,腥肝寶貝 好幾年沒進吐槽版了,03/04,2022.0,0
1339,stvn2567,→,墨綠大聯盟：富得流油 神豬去死,02/21,2022.0,1
1340,a27588679,→,8+9才喜歡鳥仔腳,04/30,2022.0,2
1341,yeh67,→,外省 肥豬 物以類聚 無恥又貪婪 死愛錢,04/29,2022.0,1
1342,amare1015,推,人帥真好 人醜性騷擾 肥宅等妹仔報警吧,04/09,2022.0,1
1343,bumerang,推,8+9台女 鳥仔腳也在囂張,10/05,2021.0,2
1344,cfesun,推,不自殺聲明咧？,02/21,2015.0,0
1345,goval,推,身高扣體重大於110滿標準的 真肥婆別做夢,12/16,2021.0,1
1346,fidelity77,→,沒這麼不堪,11/08,2022.0,0
1347,gn7722,推,又醜又沒奶,11/20,2022.0,2
1348,orzzroGC,→,廢物支那沒義氣，學金小胖好嗎？,03/03,2022.0,0
1349,momoispig,噓,=====肥宅那麼胖還吃!!浪費資源!!想想非洲的孩子=====,05/31,2015.0,1
1350,neoa01,推,你想多了，他面對的是黨國一體完全執政的,07/28,2022.0,0
1351,ispy03532003,推,扁奶大齡醜妹滾喇幹,05/20,2022.0,2
1352,linein,→,這個id好眼熟，書唸畢業了嗎,11/07,2015.0,0
1353,kaodio,→,肥婆自己黑掉又要怪鄉民了,04/15,2022.0,1
1354,logitech2004,噓,身心受創也太誇張,11/29,2022.0,0
1355,shadowless,→,貌平凡，但是被你們歸類到龍妹的女人,02/07,2022.0,1
1356,gakki520,噓,顆顆,10/16,2022.0,0
1357,preisner,→,學五樓直接肛就對了,11/30,2021.0,0
1358,j32072,推,每個屁股都這麼塌也不容易,07/20,2022.0,2
1359,kazake,推,時中要來蹭了,04/06,2022.0,0
1360,gjlcky098875,推,檢舉上千案...難怪被盯上,06/09,2022.0,0
1361,erick70109,噓,垃圾昶的死肥豬,01/08,2022.0,1
1362,henryhao,推,1.5博士後援會,12/05,2021.0,0
1363,Adicia,→,龍妹滾邊,12/18,2021.0,1
1364,aquafox,→,奶還好 不要給我瘦到剩骨頭 會痛,11/28,2021.0,2
1365,newking761,推,沒奶穿這個，很醜,03/05,2022.0,2
1366,b90022790,推,NSFW前一批的員工真的比較有感,02/05,2022.0,0
1367,felixr0123,→,再給對方弄死一次呢,06/24,2022.0,0
1368,aa1052026,→,管怎樣都要捐,11/13,2022.0,0
1369,denny41606,噓,當兩年的現在還不是一堆瘦皮猴,03/31,2022.0,2
1370,aa7520tw,→,你想想嘛，太瘦淦起來像是撞骨架，會爽,07/20,2022.0,2
1371,lunasiao,噓,1你太肥2你太醜3你太臭4以上皆是,06/23,2022.0,1
1372,Justinchen,→,+9腦袋空空刺半甲瘦皮猴 靠臉一樣吃,12/01,2022.0,1
1373,ChikanDesu,噓,媽的怎麼變那麼胖 吃好睡好,02/13,2022.0,1
1374,glion,推,反惡魔旅館　應該貼營養不良的骷髏人吧,06/20,2022.0,2
1375,Coolman54,噓,類龍妹,05/03,2022.0,1
1376,k44754,→,那些搞到鳥仔腳的根本有事,04/30,2022.0,2
1377,ispy03532003,推,全世界都欠那個胖宅一座諾貝爾獎,03/02,2022.0,1
1378,ss02pupu,推,就是扁阿 胖的扁 瘦的扁以下省略3000字,06/02,2022.0,2
1379,Doub1eK,噓,就跟蘿莉沒奶子 但一堆蘿莉控一樣,07/17,2022.0,2
1380,pttboy99,推,瘦皮猴國中生也在砸店 笑死,09/05,2021.0,2
1381,z32510z,噓,沒奶子怎麼選？,11/06,2022.0,2
1382,YU0121,推,都說被我打到跑了 所以只有老照片,09/25,2015.0,0
1383,j55888819,推,一堆扁奶醜女都在抵制正妹露奶阿,09/05,2021.0,2
1384,a7788783,→,肥宅肚子流出來的油，這意思,12/06,2021.0,1
1385,qscxz,噓,沒奶子就輸在起跑點了阿,04/16,2022.0,2
1386,happy00618,→,肥婆就肥婆，棉三小啦,04/20,2022.0,1
1387,XiaoAnn,推,新政治你敢嘴？,01/30,2022.0,0
1388,wawaking1,推,男生胖還可以但是矮就真的沒救了，矮男,08/27,2021.0,0
1389,searchmark,噓,瘦子又不一定好看 鳥仔腳超難看,07/11,2022.0,2
1390,EEzionT,→,修圖龍妹 最後剩一個超難聊,08/06,2022.0,1
1391,ggbi4zzz,噓,扁奶醜女干我屁事,12/14,2021.0,2
1392,action426,噓,死肥豬,09/10,2021.0,1
1393,kenhiro5566,推,會嗆鳥仔腳 不練腿吧,02/03,2022.0,2
1394,a27588679,噓,麥當勞的雞塊吧,01/24,2022.0,0
1395,howard24,推,龍妹嘔嘔嘔,09/04,2021.0,1
1396,ev331,→,瘦到變一把骨頭,08/26,2021.0,2
1397,y9111116,→,你真的懂男性嗎？,09/23,2022.0,0
1398,gve50714,推,龍妹吧,08/29,2022.0,1
1399,percussion,噓,腿太粗...,09/30,2021.0,1
1400,gaussjordan,→,家打槍的肥婆在取暖的地方嗎,06/24,2022.0,1
1401,fatychatm,推,長得醜的肥宅又性成癮不久很痛苦,12/20,2021.0,1
1402,yman,→,在ㄉ+9只剩會叫囂的瘦皮猴而已,09/12,2021.0,2
1403,OPPAISuki,推,腿很白很細 但太瘦沒屁股沒奶,02/07,2022.0,2
1404,vdml,→,有很多蛇精鳥仔腳怪啊,10/19,2022.0,2
1405,wolver,推,沒奶子,10/19,2021.0,2
1406,sky912745,→,示意推屁股太塌了吧,09/06,2021.0,2
1407,YSJ543,推,沒奶子就算了吧,11/28,2021.0,2
1408,takeda3234,推,很懂,04/14,2022.0,0
1409,akirakid,推,我覺得就一個地方一個地方同溫層，我當,09/22,2022.0,0
1410,widec,→,蔡英文把民主進步黨搞成獨裁墮落黨的下場,08/12,2022.0,0
1411,berryc,推,不是啊沒奶有沒奶的穿法..穿這樣根本呵呵,08/16,2022.0,2
1412,lavign,→,鳥仔腳難看,03/15,2022.0,2
1413,weron,→,店就思夢樂最便宜，品質也還不錯,12/31,2021.0,0
1414,Bujo,噓,鳥仔腳真的噁心,07/16,2022.0,2
1415,financial911,→,配合度100的龍妹還有60分,11/08,2021.0,1
1416,loadingN,噓,有些肚子看起來很大 可能是肥婆啊,09/18,2021.0,1
1417,CoverMind,噓,瘦皮猴站肌肉男？中國跟美國？,08/06,2022.0,2
1418,aaronbest,→,鄉民一命賠一命喔,09/18,2022.0,0
1419,nikewang,→,鳥仔腳穿短褲 能看嗎,11/06,2021.0,2
1420,PussySucker,噓,紙片人真的都處男在喜歡的,10/11,2021.0,2
1421,hsu0612,推,肥婆,05/14,2022.0,1
1422,charlie83,推,shake shack才真的讚,08/16,2022.0,0
1423,gay7788,→,肥宅呼吸就會胖,05/03,2022.0,1
1424,james732,→,二樓人還不錯就是有點醜有點矮有點肥,08/31,2022.0,1
1425,inshadow,→,打PTT西斯老阿姨龍妹,09/01,2021.0,1
1426,maticsakura,推,塔綠作圖班最近戰力很差哦,10/19,2022.0,0
1427,Jinx,推,酸宗痛,05/29,2022.0,0
1428,sonyabear,→,PH繼續換政確CEO啊？現在上去一堆龍妹,09/05,2022.0,1
1429,welcomer,噓,一條龍,10/12,2022.0,0
1430,gn01948540,推,台灣言論自由只在罵跟党不同陣營的,07/22,2022.0,0
1431,iPolo3,噓,找五樓騷淫叫龍妹破處,11/28,2022.0,1
1432,GGrunrundela,噓,公主肥龍一條 超愛這醜男 論外表兩,07/10,2022.0,1
1433,catatonic,推,一定是那種瘦不拉基的高中生 但是力大,10/31,2021.0,2
1434,trylin,推,沒奶就沒有這個問題,09/04,2021.0,2
1435,charles716,推,可憐的肥宅被增胖了 因為你不是是女的,08/26,2021.0,1
1436,jaceda,噓,"高個屁啊,DPP連基本的都爛的一塌糊塗",12/01,2022.0,2
1437,DIVIS,→,可是很多都瘦皮猴,06/08,2022.0,2
1438,Usayhiisayha,噓,沒奶子哦 奶子勒,09/24,2021.0,2
1439,kawazakiz2,推,今天怎麼沒奶子,11/10,2022.0,2
1440,yymeow,推,震怒 2.0,03/16,2022.0,0
1441,bigbill,推,覺青都是這種娘泡瘦皮猴嗎?,12/15,2021.0,2
1442,hbk20491,噓,笑死 你做愛 要撞骨頭 瘦肉精嗎,03/02,2022.0,2
1443,airwun,推,沒有精武門 90分,01/01,2023.0,0
1444,iphone55566,推,肥宅：我真的很醜嗎 女森：不會啊,09/12,2021.0,0
1445,Beltran,→,紙片人,11/02,2022.0,2
1446,WhiteWhale,噓,肥婆閉嘴,12/19,2021.0,1
1447,WeiMinChen,→,我認識一個全身肌肉結果被一個瘦皮猴,03/02,2022.0,2
1448,ssw0929,推,肥宅就要配龍妹，門當戶對,04/08,2022.0,1
1449,Nobi777,→,求那種紙片身材鳥仔腳 見面都在互相舔屄,01/24,2022.0,2
1450,cookiecloud,推,奶子就是要越大越好，扁奶滾啦幹,06/15,2022.0,2
1451,hesza,→,真正共存,05/01,2022.0,0
1452,zark07222,→,沒奶子也沒屁股，一群智障台女,05/10,2022.0,2
1453,boringuy,推,跟團也都各走各的，等到發現找不到人早,03/28,2022.0,0
1454,cookiecloud,噓,都扁奶選個屁啦幹,07/18,2022.0,2
1455,s9234032,→,瘦皮猴 t_t,09/15,2021.0,2
1456,scum5566,→,媽媽你自己沒奶子嗎,10/01,2021.0,2
1457,sk050607,推,龍妹超多人追的..，醒醒..,11/26,2021.0,1
1458,JamesChan51,推,瘦皮猴一隻也敢學人砸店，笑死,09/05,2021.0,2
1459,aa384756,→,自己沒錢又醜又肥,12/19,2021.0,1
1460,david12763,→,排骨台女不太好看其實，雖然真D瘦,07/20,2022.0,2
1461,terry955048,→,屁股超塌..標準沒運動亞洲女身材,12/02,2022.0,2
1462,jokc7839,推,中國女生是過瘦 一堆竹竿身材 她們卻覺,07/19,2022.0,2
1463,Asbtt,→,肥台男，殊不知根本沒人要臭醜肥酸!,04/13,2022.0,1
1464,garry0403,推,Pr10龍妹可能還有50分 pr10的男生大概,09/16,2021.0,1
1465,WilliamXZ,推,這種的才頂 乾癟鳥仔腳不如去啃甘蔗,07/08,2022.0,2
1466,elzohar,→,續與俄羅斯進行貿易  <-機翻的標題,04/08,2022.0,0
1467,loom0et0bust,噓,打不贏加入就好，反正矮醜死肥宅也,08/15,2022.0,1
1468,Tahuiyuan,→,又鳥仔腳卻豐滿的，幾乎都是人工貨。,10/10,2022.0,2
1469,Raphael7725,→,沒臉沒奶沒腰,04/05,2022.0,2
1470,steven12615,噓,蔡母豬跟這肥婆部長要下台了沒,07/21,2022.0,1
1471,bernon,噓,"沒臉,也沒奶, 0",06/06,2022.0,2
1472,asd810733,推,就算是醜龍妹遮住臉露個奶搞不好就上萬,10/04,2021.0,1
1473,noah23,→,台女啊 又肥又醜卻怪別人,01/23,2022.0,1
1474,acxsport,推,笑死,09/07,2022.0,0
1475,hong414,→,老實說是中國關係 他們那邊上空不正常,08/30,2022.0,0
1476,glacialfire,→,這種你要怎麼說,09/07,2022.0,0
1477,ispy03532003,推,鄭捷那種瘦皮猴哪可能打的過,03/01,2022.0,2
1478,owo0204,→,什麼酒鬼 爛賭鬼  胖子  窮酸猴子  醜男,08/15,2022.0,2
1479,Messi100,噓,看到某憂鬱症網紅買新房 也得憂鬱症了?,01/11,2023.0,0
1480,poqwiuer,噓,有個瘦皮猴拿槍就把館長打趴在地上,09/16,2021.0,2
1481,tainansausag,推,屌打一堆鳥仔腳 一堆白鷺鷥看了就噁,05/01,2022.0,2
1482,asd01248967,→,完全看場面情勢來用，所以風向變來變,01/12,2021.0,0
1483,alex00089,→,鳥仔腳真的囧,02/27,2022.0,2
1484,koromo1991,→,龍妹我OK啊 但是她不行,10/03,2021.0,1
1485,Noopsfilm,推,說腿粗的是不是只在網路生活 笑死人,05/20,2022.0,0
1486,byguy321,推,長得醜的肥宅甲根本不擔心,06/24,2022.0,1
1487,tt7642,→,，身體都瘦巴巴弱不禁風，蛋白質吃太少,08/31,2022.0,2
1488,yzelly,→,胖子就胖子，殺小矮壯型,09/15,2022.0,1
1489,Mcnair,推,應該是個龍妹吧，正妹的話早撲上去了,02/02,2022.0,1
1490,mobyshin,噓,沒奶 整形失敗韓國臉 沒尻,01/26,2022.0,2
1491,EvilPrada,噓,又肥又醜又壞心  沒救了,10/07,2021.0,1
1492,MK47,→,古代飢荒瘦的跟骨頭一樣 還能逃難說,08/03,2022.0,2
1493,louis5265,→,龍妹自以為很正，反而會脫口罩,09/26,2022.0,1
1494,jeff830603,推,6000次碾壓好嗎...,09/21,2022.0,0
1495,rex9999,噓,「女生沒奶就像男生沒錢」這句話記好了,09/26,2021.0,2
1496,Sabo5566,推,醜臭禿肥啊,09/27,2021.0,1
1497,j32072,推,怎那麼慘 沒奶也沒屁股,01/10,2022.0,2
1498,JustIam,→,八國裡面肯定不會有中國,02/26,2022.0,0
1499,Dillon0801,推,這就叫理直氣狀 塔綠班誰敢出來接球,08/26,2022.0,0
